"UniqueKey","UniqueRowId","GlobalRecordId","RECSTATUS","FKEY","Stratificationlevels","Pathogenspp","Ve","Total","Others_Def"
1,7f1fd5a4-9e07-4b2d-a9d9-3c5605a55588,2b6c8940-a7cb-44b3-b143-f0415c07f0bf,1,f0f80d25-bfd1-441e-bc87-6421c77ed324,,Strept. Uberis,26,28,
2,39112550-39f3-4109-b10c-7f7d4b2e0f42,2b6c8940-a7cb-44b3-b143-f0415c07f0bf,1,f0f80d25-bfd1-441e-bc87-6421c77ed324,,E. coli,15,16,
3,195f2b46-efa9-4cd2-a611-5b169703ebd2,2b6c8940-a7cb-44b3-b143-f0415c07f0bf,1,f0f80d25-bfd1-441e-bc87-6421c77ed324,,Aerococcus spp.,12,13,
4,03133ab4-4865-4508-ab2e-fc94620e3038,2b6c8940-a7cb-44b3-b143-f0415c07f0bf,1,f0f80d25-bfd1-441e-bc87-6421c77ed324,,Coagulase-positive staph,11,12,
5,dc18c519-eee5-475e-85d0-3989718e0459,2b6c8940-a7cb-44b3-b143-f0415c07f0bf,1,f0f80d25-bfd1-441e-bc87-6421c77ed324,,Enterococcus spp.,8,8,
6,a06cc34f-3faf-4ffb-9e72-04fb375405fd,2b6c8940-a7cb-44b3-b143-f0415c07f0bf,1,f0f80d25-bfd1-441e-bc87-6421c77ed324,,Bacillus spp.,4,4,
7,b8a2c8f4-6688-4797-b047-5eb198033519,2b6c8940-a7cb-44b3-b143-f0415c07f0bf,1,f0f80d25-bfd1-441e-bc87-6421c77ed324,,Yeast,1,4,
8,f601e784-023b-4167-bbdf-22e2fbaaf9c0,2b6c8940-a7cb-44b3-b143-f0415c07f0bf,1,f0f80d25-bfd1-441e-bc87-6421c77ed324,,Staph. spp (no specification),3,3,
9,76594c3a-227b-4a61-9f87-2cb62bdc9ec6,2b6c8940-a7cb-44b3-b143-f0415c07f0bf,1,f0f80d25-bfd1-441e-bc87-6421c77ed324,,Mucor spp.,2,2,
10,7561b203-7487-487d-9d68-ad669679352b,2b6c8940-a7cb-44b3-b143-f0415c07f0bf,1,f0f80d25-bfd1-441e-bc87-6421c77ed324,,Strept. Dysgalactiae,2,2,
11,f87b9dcc-605b-4bdc-ba9d-8f26093a9253,2b6c8940-a7cb-44b3-b143-f0415c07f0bf,1,f0f80d25-bfd1-441e-bc87-6421c77ed324,,Aspergillus spp.,1,1,
12,99138c2e-3e7f-488a-8fc6-9af7a3893065,2b6c8940-a7cb-44b3-b143-f0415c07f0bf,1,f0f80d25-bfd1-441e-bc87-6421c77ed324,,Pseudomonas spp.,1,1,
13,41a8bfcf-06e8-4245-84c7-ada921fe0b78,2b6c8940-a7cb-44b3-b143-f0415c07f0bf,1,f0f80d25-bfd1-441e-bc87-6421c77ed324,,Arcanobacterium pyogenes,0,0,
14,dd697f45-0271-48d8-8ad2-4ef13813a3c8,2b6c8940-a7cb-44b3-b143-f0415c07f0bf,1,f0f80d25-bfd1-441e-bc87-6421c77ed324,,Enterobacteriaceae (no specification),21,22,
15,6d0968be-c81a-432f-8250-b1e51acdf54c,2b6c8940-a7cb-44b3-b143-f0415c07f0bf,1,f0f80d25-bfd1-441e-bc87-6421c77ed324,,Major Pathogens,91,99,
16,446ae8e2-1e9c-462b-9560-786fa5821096,2b6c8940-a7cb-44b3-b143-f0415c07f0bf,1,f0f80d25-bfd1-441e-bc87-6421c77ed324,,Coagulase-negative staph (CNS),181,264,
17,b162d979-9170-487d-ab8b-11af2d938905,2b6c8940-a7cb-44b3-b143-f0415c07f0bf,1,f0f80d25-bfd1-441e-bc87-6421c77ed324,,Corynebacterium spp. (C.bovis),307,348,
18,c63e6268-c580-4779-9def-8a443d204295,2b6c8940-a7cb-44b3-b143-f0415c07f0bf,1,f0f80d25-bfd1-441e-bc87-6421c77ed324,,Minor Pathogens,488,612,
19,8db86fa8-6eef-467d-80da-30d9098c096a,2772fe01-de1b-43f8-9c87-c4d04d38086d,1,84d16ac5-2f7d-461f-801b-c94165618d74,,Strept. Uberis,30,32,
20,be06818c-0f61-45bb-9c57-c9a684bef1bb,2772fe01-de1b-43f8-9c87-c4d04d38086d,1,84d16ac5-2f7d-461f-801b-c94165618d74,,E. coli,7,7,
21,3f4cd700-021e-4ab6-9bd4-a38ce2f087a8,2772fe01-de1b-43f8-9c87-c4d04d38086d,1,84d16ac5-2f7d-461f-801b-c94165618d74,,Aerococcus spp.,19,20,
22,74a659cc-2ca0-4706-8714-77520bb1857d,2772fe01-de1b-43f8-9c87-c4d04d38086d,1,84d16ac5-2f7d-461f-801b-c94165618d74,,Coagulase-positive staph,12,12,
23,2030a586-0add-462c-9a28-37df46b27c08,2772fe01-de1b-43f8-9c87-c4d04d38086d,1,84d16ac5-2f7d-461f-801b-c94165618d74,,Enterococcus spp.,7,7,
24,d9aa9532-a1bf-4350-bb30-23da1db40677,2772fe01-de1b-43f8-9c87-c4d04d38086d,1,84d16ac5-2f7d-461f-801b-c94165618d74,,Bacillus spp.,6,6,
25,6ae4ccfe-7d13-48ba-ab55-227932d77d86,2772fe01-de1b-43f8-9c87-c4d04d38086d,1,84d16ac5-2f7d-461f-801b-c94165618d74,,Yeast,0,2,
26,19218d92-af50-4e0b-815b-d6726b876876,2772fe01-de1b-43f8-9c87-c4d04d38086d,1,84d16ac5-2f7d-461f-801b-c94165618d74,,Strept.spp (no specification),5,5,
27,18d3fbbf-d68e-4a6c-954a-64c4a0936eb4,2772fe01-de1b-43f8-9c87-c4d04d38086d,1,84d16ac5-2f7d-461f-801b-c94165618d74,,Mucor spp.,1,1,
28,70fe25e9-d607-4a87-9c96-21b0a4ab5266,2772fe01-de1b-43f8-9c87-c4d04d38086d,1,84d16ac5-2f7d-461f-801b-c94165618d74,,Strept. Dysgalactiae,4,4,
29,b13f80ce-a184-4789-92c8-21294426cbf0,2772fe01-de1b-43f8-9c87-c4d04d38086d,1,84d16ac5-2f7d-461f-801b-c94165618d74,,Aspergillus spp.,3,3,
30,2f27d03f-6d13-4252-b9aa-a45c69243d35,2772fe01-de1b-43f8-9c87-c4d04d38086d,1,84d16ac5-2f7d-461f-801b-c94165618d74,,Pseudomonas spp.,0,0,
31,8ae39eb7-6989-4085-ac83-3651e7d17828,2772fe01-de1b-43f8-9c87-c4d04d38086d,1,84d16ac5-2f7d-461f-801b-c94165618d74,,Arcanobacterium pyogenes,0,0,
32,c329759b-e198-4651-83a4-00e43abd9dd5,2772fe01-de1b-43f8-9c87-c4d04d38086d,1,84d16ac5-2f7d-461f-801b-c94165618d74,,Enterobacteriaceae (no specification),13,14,
33,bcda1554-fa2c-4861-a1b7-a4b8e26e3e52,2772fe01-de1b-43f8-9c87-c4d04d38086d,1,84d16ac5-2f7d-461f-801b-c94165618d74,,Major Pathogens,101,104,
34,3a3baca6-e46c-4c77-a177-88b95148f8e3,2772fe01-de1b-43f8-9c87-c4d04d38086d,1,84d16ac5-2f7d-461f-801b-c94165618d74,,Coagulase-negative staph (CNS),189,255,
35,02789998-f352-42b2-b97c-05d4fe004d0d,2772fe01-de1b-43f8-9c87-c4d04d38086d,1,84d16ac5-2f7d-461f-801b-c94165618d74,,Corynebacterium spp. (C.bovis),310,343,
36,85744dbb-c285-488c-a78c-fbf86d127f79,2772fe01-de1b-43f8-9c87-c4d04d38086d,1,84d16ac5-2f7d-461f-801b-c94165618d74,,Minor Pathogens,499,598,
55,481928ac-6a3d-4e53-94ea-e8636bfa44f1,32cac059-780f-49d3-b046-5f314e04458e,1,d113c58d-6335-4d99-b306-437285ccea0b,,Strept. Uberis,2,2,
56,5e812451-37d8-49e2-9442-a1e2a7692e70,32cac059-780f-49d3-b046-5f314e04458e,1,d113c58d-6335-4d99-b306-437285ccea0b,,E. coli,7,7,
57,18b9d9b2-7b81-4219-b209-d7158ed6ab59,32cac059-780f-49d3-b046-5f314e04458e,1,d113c58d-6335-4d99-b306-437285ccea0b,,Aerococcus spp.,10,10,
58,d68635c0-0aed-487f-b3c4-2c0c849e3f5b,32cac059-780f-49d3-b046-5f314e04458e,1,d113c58d-6335-4d99-b306-437285ccea0b,,Coagulase-positive staph,0,1,
59,7b94c0ea-e206-4871-bf17-a2dd353a2cd9,32cac059-780f-49d3-b046-5f314e04458e,1,d113c58d-6335-4d99-b306-437285ccea0b,,Enterococcus spp.,5,5,
60,7d0763ed-9c0a-40ba-8ee9-5722ea9ef7f4,32cac059-780f-49d3-b046-5f314e04458e,1,d113c58d-6335-4d99-b306-437285ccea0b,,Bacillus spp.,4,4,
61,16798617-9c44-4bb3-b823-b2bca50788fb,32cac059-780f-49d3-b046-5f314e04458e,1,d113c58d-6335-4d99-b306-437285ccea0b,,Yeast,0,0,
62,72cdae40-ce93-4872-98be-f64635a179a5,32cac059-780f-49d3-b046-5f314e04458e,1,d113c58d-6335-4d99-b306-437285ccea0b,,Strept.spp (no specification),4,4,
63,1cd4f5a6-2d13-4a31-938d-ebb220f4858d,32cac059-780f-49d3-b046-5f314e04458e,1,d113c58d-6335-4d99-b306-437285ccea0b,,Mucor spp.,0,0,
64,9c58ab86-5884-44c1-8269-627e3f3977f8,32cac059-780f-49d3-b046-5f314e04458e,1,d113c58d-6335-4d99-b306-437285ccea0b,,Strept. Dysgalactiae,0,1,
65,80beced4-5f99-4b9d-8997-43cfce0a61ad,32cac059-780f-49d3-b046-5f314e04458e,1,d113c58d-6335-4d99-b306-437285ccea0b,,Aspergillus spp.,0,0,
66,3498f495-3515-403d-bbef-8edc111d4651,32cac059-780f-49d3-b046-5f314e04458e,1,d113c58d-6335-4d99-b306-437285ccea0b,,Pseudomonas spp.,0,0,
67,73e22b58-0cdc-4a06-80f1-e2f81f99a416,32cac059-780f-49d3-b046-5f314e04458e,1,d113c58d-6335-4d99-b306-437285ccea0b,,Arcanobacterium pyogenes,0,0,
68,d2b5d546-67c4-49b4-a8a3-1f44054f4268,32cac059-780f-49d3-b046-5f314e04458e,1,d113c58d-6335-4d99-b306-437285ccea0b,,Enterobacteriaceae (no specification),8,8,
69,d54c00af-172c-4440-ba2b-5b42979672f0,32cac059-780f-49d3-b046-5f314e04458e,1,d113c58d-6335-4d99-b306-437285ccea0b,,Major Pathogens,41,41,
70,720a81a9-7e9e-453c-9e92-4dc49dedcd52,32cac059-780f-49d3-b046-5f314e04458e,1,d113c58d-6335-4d99-b306-437285ccea0b,,Coagulase-negative staph (CNS),139,233,
71,97541eef-8576-4dcf-a922-f97c83ed5471,32cac059-780f-49d3-b046-5f314e04458e,1,d113c58d-6335-4d99-b306-437285ccea0b,,Corynebacterium spp. (C.bovis),175,218,
72,019a3474-18d8-46eb-873b-fabf48229def,32cac059-780f-49d3-b046-5f314e04458e,1,d113c58d-6335-4d99-b306-437285ccea0b,,Minor Pathogens,314,451,
73,56562373-581b-488e-8a8c-823239babce2,9d629bad-ff9e-466f-b051-c7ad21320f22,1,cdbbc98e-8b2e-4ee3-9b1f-d907bed9aefa,,Strept. Uberis,7,7,
74,c50f2e36-3c0d-4d7e-8756-dd45b3d3c21c,9d629bad-ff9e-466f-b051-c7ad21320f22,1,cdbbc98e-8b2e-4ee3-9b1f-d907bed9aefa,,E. coli,8,8,
75,14df8faa-6e0c-4695-96ec-33a7c34f97c2,9d629bad-ff9e-466f-b051-c7ad21320f22,1,cdbbc98e-8b2e-4ee3-9b1f-d907bed9aefa,,Aerococcus spp.,14,14,
76,189a0d6f-4897-460a-ad1a-274c5c362a09,9d629bad-ff9e-466f-b051-c7ad21320f22,1,cdbbc98e-8b2e-4ee3-9b1f-d907bed9aefa,,Coagulase-positive staph,3,3,
77,d2bd5a9b-cfc2-4ebd-9cf8-8e3135cc61a7,9d629bad-ff9e-466f-b051-c7ad21320f22,1,cdbbc98e-8b2e-4ee3-9b1f-d907bed9aefa,,Enterococcus spp.,1,1,
78,a198d5ca-8961-4c71-9507-1743adda5aec,9d629bad-ff9e-466f-b051-c7ad21320f22,1,cdbbc98e-8b2e-4ee3-9b1f-d907bed9aefa,,Bacillus spp.,2,2,
79,a5ad05d5-0acb-42a4-858a-7b1c486c5dc9,9d629bad-ff9e-466f-b051-c7ad21320f22,1,cdbbc98e-8b2e-4ee3-9b1f-d907bed9aefa,,Yeast,0,1,
80,da62ba39-06ba-4ab1-bef9-81be2005ca81,9d629bad-ff9e-466f-b051-c7ad21320f22,1,cdbbc98e-8b2e-4ee3-9b1f-d907bed9aefa,,Strept.spp (no specification),2,2,
81,0743a219-3e8c-4554-8772-734fed3d82e0,9d629bad-ff9e-466f-b051-c7ad21320f22,1,cdbbc98e-8b2e-4ee3-9b1f-d907bed9aefa,,Mucor spp.,0,0,
82,9fb91a6f-87d3-4bf3-a090-23774dbc8de8,9d629bad-ff9e-466f-b051-c7ad21320f22,1,cdbbc98e-8b2e-4ee3-9b1f-d907bed9aefa,,Strept. Dysgalactiae,0,0,
83,fcd98ee5-cfd1-4649-9a7c-53c8040dc62a,9d629bad-ff9e-466f-b051-c7ad21320f22,1,cdbbc98e-8b2e-4ee3-9b1f-d907bed9aefa,,Aspergillus spp.,0,0,
84,ece82a6a-f6da-4b1a-9bb9-61df1bfc1882,9d629bad-ff9e-466f-b051-c7ad21320f22,1,cdbbc98e-8b2e-4ee3-9b1f-d907bed9aefa,,Pseudomonas spp.,1,1,
85,21545cff-b64d-4a19-9c02-df217876d6b8,9d629bad-ff9e-466f-b051-c7ad21320f22,1,cdbbc98e-8b2e-4ee3-9b1f-d907bed9aefa,,Arcanobacterium pyogenes,0,0,
86,965477e9-faef-48b9-88e0-3ebf2c9ebb12,9d629bad-ff9e-466f-b051-c7ad21320f22,1,cdbbc98e-8b2e-4ee3-9b1f-d907bed9aefa,,Enterobacteriaceae (no specification),13,13,
87,34d3ba97-1753-4a03-9895-c97861041230,9d629bad-ff9e-466f-b051-c7ad21320f22,1,cdbbc98e-8b2e-4ee3-9b1f-d907bed9aefa,,Major Pathogens,49,49,
88,21af72bc-7955-489e-96ab-1798f5a315a8,9d629bad-ff9e-466f-b051-c7ad21320f22,1,cdbbc98e-8b2e-4ee3-9b1f-d907bed9aefa,,Coagulase-negative staph (CNS),166,248,
89,85d4cb28-0fa8-4c0a-9b04-5e854a96c7c5,9d629bad-ff9e-466f-b051-c7ad21320f22,1,cdbbc98e-8b2e-4ee3-9b1f-d907bed9aefa,,Corynebacterium spp. (C.bovis),180,209,
90,93b4aaac-9d0c-4e0a-b836-367e440b1c3c,9d629bad-ff9e-466f-b051-c7ad21320f22,1,cdbbc98e-8b2e-4ee3-9b1f-d907bed9aefa,,Minor Pathogens,346,457,
91,8aa5a032-0539-479c-aeed-c16b40d4ae9a,2729b3bd-810b-4675-862c-0421014eb687,1,c31b4cd3-dcbc-48fa-a526-bf01d6aa17a4,,S.aureus,17,24,
92,5cd85c89-3d11-4e7e-8457-05fb90ca5a57,2729b3bd-810b-4675-862c-0421014eb687,1,c31b4cd3-dcbc-48fa-a526-bf01d6aa17a4,,Strept.spp (no specification),4,4,
93,ab5585fd-6944-4f9a-b484-203ad61a55b0,2729b3bd-810b-4675-862c-0421014eb687,1,c31b4cd3-dcbc-48fa-a526-bf01d6aa17a4,,S epidermidis,3,3,
94,acb066a6-1de6-43f6-b522-6ff6a68f0965,2729b3bd-810b-4675-862c-0421014eb687,1,c31b4cd3-dcbc-48fa-a526-bf01d6aa17a4,,Corynebacterium spp. (C.bovis),12,12,
95,d889dc12-11ac-4106-a9d1-50a73dbd4bce,26baa78e-3164-4296-b044-60cdfb0e2e13,1,74c9e9b7-5e9f-464f-9f8b-8a2285119810,,S.aureus,23,27,
96,36317b28-7c5d-45ee-8569-7c92afb86e3b,26baa78e-3164-4296-b044-60cdfb0e2e13,1,74c9e9b7-5e9f-464f-9f8b-8a2285119810,,Strept.spp (no specification),3,4,
97,113f8176-613a-4d69-86b9-87af71a705f1,26baa78e-3164-4296-b044-60cdfb0e2e13,1,74c9e9b7-5e9f-464f-9f8b-8a2285119810,,Enterobacteriaceae (no specification),0,1,
98,0f12a7b9-dfb9-43d4-8d8d-18d42c24b2ae,26baa78e-3164-4296-b044-60cdfb0e2e13,1,74c9e9b7-5e9f-464f-9f8b-8a2285119810,,S epidermidis,2,2,
99,046f4d82-f7a6-4e3e-95c1-9c5b62cffb2c,26baa78e-3164-4296-b044-60cdfb0e2e13,1,74c9e9b7-5e9f-464f-9f8b-8a2285119810,,Corynebacterium spp. (C.bovis),10,10,
100,1cedb22a-b381-4195-9250-8a00e5f79f0a,fd3eb718-9cc3-4620-b136-52bf933a87c7,1,7fae4a47-b454-4ced-8e1e-c1279b76a3b5,Lact_Infections treated,S.aureus,15,18,
101,9cec8615-8b6d-4fe8-8718-788147ac93aa,fd3eb718-9cc3-4620-b136-52bf933a87c7,1,7fae4a47-b454-4ced-8e1e-c1279b76a3b5,Lact_Infections non-treated,S.aureus,8,9,
105,1a90cfc2-ae9f-4d34-9b0d-f5c12b7c2eed,fd3eb718-9cc3-4620-b136-52bf933a87c7,1,7fae4a47-b454-4ced-8e1e-c1279b76a3b5,length of infection 4-6,S.aureus,7,9,
106,58c9c4c0-35e5-4483-9f01-46b9a6121c43,fd3eb718-9cc3-4620-b136-52bf933a87c7,1,7fae4a47-b454-4ced-8e1e-c1279b76a3b5,length of infection 6-8,S.aureus,12,13,
107,18e80a8a-da8d-4baf-a748-4dafbbfd9b09,fd3eb718-9cc3-4620-b136-52bf933a87c7,1,7fae4a47-b454-4ced-8e1e-c1279b76a3b5,length of infection >8,S.aureus,3,3,
108,100dd61c-c4b5-44c6-949f-ea9d9624c69f,94104cc5-918d-4e03-aad8-69314f6b0ddb,1,3e1e2d28-7e76-4ced-a61e-0e64842bfa95,lact_Infections treated,S.aureus,15,21,
109,a01a92df-2cca-4437-8c35-71d0689bde4f,94104cc5-918d-4e03-aad8-69314f6b0ddb,1,3e1e2d28-7e76-4ced-a61e-0e64842bfa95,lact_Infections non- treated,S.aureus,2,3,
110,22a61f3e-6c70-4a21-be13-ba03cccf2583,94104cc5-918d-4e03-aad8-69314f6b0ddb,1,3e1e2d28-7e76-4ced-a61e-0e64842bfa95,length of infection 4 to 6 months,S.aureus,3,4,
111,4adf3d4e-8801-48a7-aaa8-b95fd1b6e2de,94104cc5-918d-4e03-aad8-69314f6b0ddb,1,3e1e2d28-7e76-4ced-a61e-0e64842bfa95,length of infection 6 to 8 months,S.aureus,10,12,
112,a740792f-8222-4b51-a4b6-e08846df8da1,94104cc5-918d-4e03-aad8-69314f6b0ddb,1,3e1e2d28-7e76-4ced-a61e-0e64842bfa95,length of infection > 8 months,S.aureus,4,7,
113,ce5b6d6f-c63a-42eb-b91b-4e6e0d48acd2,266a417a-fae5-4034-8582-38e72a725235,1,0f6ddd3a-aa90-4ce0-977b-c29265976821,,S.aureus,2,9,
114,100c2c54-90cf-433c-85b4-f9ca2535834b,1bd8108e-5ed5-4883-818e-22a8a483d9c8,1,1cb019dd-13a3-49bf-a015-2fed7cfb28a8,,S.aureus,2,11,
115,001f9ffe-f50a-43af-89ec-fa896de21f37,eb3f65bd-e167-4ea8-bc3f-0a17acaded7d,1,4a1604f3-7d71-47d6-9500-838f0256db1c,,S.aureus,2,9,
116,90052d44-7208-4f59-8e08-f6760927f0e5,44d40cca-424e-422e-8eee-46f3f93deedb,1,658f4a6c-7ac3-4b74-9675-3e7eb9539c65,,S.aureus,2,14,
117,fd46f22f-3976-4e1c-90c8-82284c776c5f,62a041b6-2b83-4b49-bad3-d8a5de0a1cb6,1,cda7674d-b1ef-467c-ac76-d89bea0c7783,,S.aureus,3,12,
118,34d1e9b6-ff40-4038-90a6-ce6d8f82b3d8,cf4073e1-4c7a-49d1-a941-3b8899f7a581,1,a5266644-9440-49ef-8348-c48597db5a22,,S.aureus,12,25,
119,4168cd60-d8d6-49c2-ae36-90f97b34fccd,5409b9ac-f57f-4f08-9347-3d5230f49ec5,1,e003b47b-008c-4049-8c5a-62d10d1012db,,S.aureus,3,8,
120,32a62a5b-5ddd-4d20-908b-3067284ec159,e7a005ee-f54a-4cef-90bd-b504fbb47c0b,1,40a99d00-7c81-4850-bb0b-d6396d1dd048,,S.aureus,6,15,
121,655e35d5-7f23-4f7a-bc80-727bd6418dda,824f6229-708a-4c57-9bc3-3ecd98a7cfd2,1,1c2aee72-2e29-4fa8-81ee-c73a51e756af,,S.aureus,51,59,
122,275cdb32-4780-41a3-9357-0bc6d7c5b231,65006714-2cd8-4a4b-97cd-55f922bd414b,1,ca341b0d-4ac6-4a57-b5ba-516f407327c7,,S.aureus,0,62,
123,594b3798-ffae-444d-a565-abf174fbac77,d699dd39-1a44-4d20-8299-56c4887a587e,1,415e829a-ffac-4240-814b-d1f8233807fe,,S.aureus,0,51,
124,e6948f5a-9784-4c68-ab06-0da2a0d4f9df,9d358ac9-a1eb-4a4a-9a6b-f30d46d439df,1,3c66293b-4fe8-43a9-a3ac-20fdcf169698,,S.aureus,133,160,
125,60fb9be1-e7dd-4831-aa16-b0e206671bff,e7dfcedd-5059-4e91-bf32-8413cd62eef6,1,965202e3-843b-419e-8d87-66b7e6d9ba36,1,S.aureus,22,26,
126,9c76a67b-668a-4dc0-8e9d-a7bcbc4013ca,e7dfcedd-5059-4e91-bf32-8413cd62eef6,1,965202e3-843b-419e-8d87-66b7e6d9ba36,2,S.aureus,26,33,
127,98a7e491-b941-4c68-8999-0c600693ee89,e7dfcedd-5059-4e91-bf32-8413cd62eef6,1,965202e3-843b-419e-8d87-66b7e6d9ba36,3,S.aureus,11,13,
128,60294aec-f319-4c18-8407-956ba07fc436,e7dfcedd-5059-4e91-bf32-8413cd62eef6,1,965202e3-843b-419e-8d87-66b7e6d9ba36,>4,S.aureus,14,17,
132,d7dc5517-1368-4e0c-b456-93f84dcd8080,40be8e2c-22fb-41b0-a5e1-335a1dac58a2,1,d34e5710-8a58-4f4e-b56c-b3b76c2a6363,,S.aureus,232,277,
133,34f0b7f6-0645-4b81-a912-9dcbb02c30a9,9d358ac9-a1eb-4a4a-9a6b-f30d46d439df,1,3c66293b-4fe8-43a9-a3ac-20fdcf169698,,Strept. Dysgalactiae,109,114,
134,0f9eb518-1858-4fc4-9631-1a751cd0b083,40be8e2c-22fb-41b0-a5e1-335a1dac58a2,1,d34e5710-8a58-4f4e-b56c-b3b76c2a6363,,Strept. Dysgalactiae,157,174,
135,e06d3bdd-5e40-4181-b246-7d65853fb026,a13f205c-10a2-4402-bcb3-a6f010480aee,1,ce8e9f22-2815-431d-ba7c-3da6103ea076,1,S.aureus,38,46,
136,771a0216-a7e7-4a39-8bc1-3b385f7c55c6,a13f205c-10a2-4402-bcb3-a6f010480aee,1,ce8e9f22-2815-431d-ba7c-3da6103ea076,2,S.aureus,45,51,
137,027b70c2-a22a-4477-8a84-2786c30b3576,a13f205c-10a2-4402-bcb3-a6f010480aee,1,ce8e9f22-2815-431d-ba7c-3da6103ea076,3,S.aureus,19,22,
138,6984a9aa-920c-4bbf-bb44-1b09f04a6f01,a13f205c-10a2-4402-bcb3-a6f010480aee,1,ce8e9f22-2815-431d-ba7c-3da6103ea076,4+,S.aureus,33,40,
139,b46e36ce-2d52-4a8f-9890-ae686c6cfbc5,22cdf5e5-43f1-4aba-ab78-5c44711b6f5c,1,60503dd8-5b20-4975-bf78-831b1821abf3,,S.aureus,183,236,
140,7a1bc88d-ab79-4a76-bec3-623de8aa1cb0,22cdf5e5-43f1-4aba-ab78-5c44711b6f5c,1,60503dd8-5b20-4975-bf78-831b1821abf3,,Strept. Dysgalactiae,116,134,
141,8df3557e-e7ef-497a-ae6d-150830e2d16a,9d7d4fdf-152d-445b-9f9e-161517b09bde,1,6bb270dc-b250-447d-ad1e-87f758bdd8b8,1,S.aureus,32,35,
142,18acd874-a991-45e6-ab3f-7e9d61131a99,9d7d4fdf-152d-445b-9f9e-161517b09bde,1,6bb270dc-b250-447d-ad1e-87f758bdd8b8,2,S.aureus,29,40,
143,ca0b4e4f-2654-4352-bec5-69a1efe22834,9d7d4fdf-152d-445b-9f9e-161517b09bde,1,6bb270dc-b250-447d-ad1e-87f758bdd8b8,3,S.aureus,21,34,
144,142b86fe-7dfa-42bc-962f-d9dd019472b4,9d7d4fdf-152d-445b-9f9e-161517b09bde,1,6bb270dc-b250-447d-ad1e-87f758bdd8b8,4+,S.aureus,27,37,
145,da88ec09-d7cd-445f-a22e-4d2ebe8584f0,034ac10e-fb32-4d95-a7e6-d7d81e65c886,1,6c710c38-e10a-4bdf-a562-de3ba137c246,,S.aureus,45,56,
147,ddbe027d-3dde-4cea-884d-64f6bb2627f6,7887c826-4e80-4391-ae7d-d83607ca151e,1,202da8a7-4064-4223-a90d-917f2b0da786,,S.aureus,39,56,
148,0be30acd-fa3a-49a1-b839-70264d0488f9,656dac5e-8e05-43bc-8338-5b90954bd093,1,705414e8-99bc-40b2-9464-e5cc05507925,,S.aureus,9,29,
149,da0f148d-8f1f-476d-9b2b-1d3c40d16c0d,bc077303-b41f-49e5-93b4-e80fe5b228f1,1,b7975a16-08cd-452d-964b-292dc496c1e7,,S.aureus,8,29,
150,4239ac1a-a0cf-406f-91d0-3ff97f83da62,724d307f-b459-4d0b-9aba-6786063e80df,1,3c447dd8-ef3d-49a6-a710-f47918d588be,,Strept. Uberis,16,16,
151,db7d4186-a351-44ec-be3c-fad3476dfc5c,724d307f-b459-4d0b-9aba-6786063e80df,1,3c447dd8-ef3d-49a6-a710-f47918d588be,,Strept. Dysgalactiae,2,2,
152,6e897d73-6357-4699-9703-9e08f3f6700e,724d307f-b459-4d0b-9aba-6786063e80df,1,3c447dd8-ef3d-49a6-a710-f47918d588be,,Coagulase-positive staph,5,5,
153,8ad73626-1bb6-4d59-8c39-2587c0f888ac,724d307f-b459-4d0b-9aba-6786063e80df,1,3c447dd8-ef3d-49a6-a710-f47918d588be,,E. coli,15,15,
154,ecd7434d-554d-41ef-8049-9968be991ac3,724d307f-b459-4d0b-9aba-6786063e80df,1,3c447dd8-ef3d-49a6-a710-f47918d588be,,Enterobacteriaceae (non-e-coli),3,3,
155,b388ba4f-0c46-492f-aa7a-6cf433da7ced,724d307f-b459-4d0b-9aba-6786063e80df,1,3c447dd8-ef3d-49a6-a710-f47918d588be,,Aerococcus spp.,22,22,
156,19c6453b-fbce-4e00-ad4e-d5b786f57fb5,724d307f-b459-4d0b-9aba-6786063e80df,1,3c447dd8-ef3d-49a6-a710-f47918d588be,,Arcanobacterium pyogenes,0,0,
157,3dc3454c-45b8-4af5-b676-0200ae2a3ba2,724d307f-b459-4d0b-9aba-6786063e80df,1,3c447dd8-ef3d-49a6-a710-f47918d588be,,Coagulase-negative staph (CNS),138,189,
158,6692af48-75a5-49a8-97c9-7f835c2851bf,724d307f-b459-4d0b-9aba-6786063e80df,1,3c447dd8-ef3d-49a6-a710-f47918d588be,,Corynebacterium spp. (C.bovis),271,308,
168,c2d795ab-5614-4517-be4b-c90de1c35a7a,ae6ee81e-d617-4f81-9906-7ca15c0775ee,1,5fb69508-47e8-44e4-bf0a-d72061073e56,,Strept. Uberis,8,10,
169,31240fa3-8794-4c6b-87c6-50e02ac660df,ae6ee81e-d617-4f81-9906-7ca15c0775ee,1,5fb69508-47e8-44e4-bf0a-d72061073e56,,Strept. Dysgalactiae,3,3,
170,d12563b0-97a8-4d57-9878-ff7e53f038b4,ae6ee81e-d617-4f81-9906-7ca15c0775ee,1,5fb69508-47e8-44e4-bf0a-d72061073e56,,Coagulase-positive staph,4,4,
171,f9a3f8d3-e767-4cd1-b1a2-a896cb458115,ae6ee81e-d617-4f81-9906-7ca15c0775ee,1,5fb69508-47e8-44e4-bf0a-d72061073e56,,E. coli,11,11,
172,77c4a37e-7cbe-4085-b5d4-20285704cbeb,ae6ee81e-d617-4f81-9906-7ca15c0775ee,1,5fb69508-47e8-44e4-bf0a-d72061073e56,,Enterobacteriaceae (non-e-coli),4,4,
173,8fa04635-ae94-4e29-9b04-8717aed83e54,ae6ee81e-d617-4f81-9906-7ca15c0775ee,1,5fb69508-47e8-44e4-bf0a-d72061073e56,,Aerococcus spp.,27,27,
174,508753ca-4b07-45a7-a882-b353d5f85602,ae6ee81e-d617-4f81-9906-7ca15c0775ee,1,5fb69508-47e8-44e4-bf0a-d72061073e56,,Arcanobacterium pyogenes,0,0,
175,95fd436c-b68b-4c59-98fd-fb9f6a05044b,ae6ee81e-d617-4f81-9906-7ca15c0775ee,1,5fb69508-47e8-44e4-bf0a-d72061073e56,,Coagulase-negative staph (CNS),169,202,
176,0af80da6-f2f9-4fb7-8cd9-2e1b7d9f0df1,ae6ee81e-d617-4f81-9906-7ca15c0775ee,1,5fb69508-47e8-44e4-bf0a-d72061073e56,,Corynebacterium spp. (C.bovis),312,340,
186,3b5665f2-543a-4f8b-a555-bacedada7fb1,189e1c1e-51ba-461e-9178-be5d60c68c0a,1,90b5f89c-c1e1-4f23-b1b5-ba4175163aaf,,Strept. Uberis,12,16,
187,bc92a16d-c052-4949-8f7a-e77eeeaef37e,189e1c1e-51ba-461e-9178-be5d60c68c0a,1,90b5f89c-c1e1-4f23-b1b5-ba4175163aaf,,Strept. Dysgalactiae,7,7,
188,d9d48847-2132-4677-be8c-5c32b2c34191,189e1c1e-51ba-461e-9178-be5d60c68c0a,1,90b5f89c-c1e1-4f23-b1b5-ba4175163aaf,,Coagulase-positive staph,2,3,
189,a2d9d1cb-b461-4ffb-bb0c-32e55a488b09,189e1c1e-51ba-461e-9178-be5d60c68c0a,1,90b5f89c-c1e1-4f23-b1b5-ba4175163aaf,,E. coli,12,13,
190,1870c28a-b0ee-4861-a15d-d0cd7ae36fb4,189e1c1e-51ba-461e-9178-be5d60c68c0a,1,90b5f89c-c1e1-4f23-b1b5-ba4175163aaf,,Enterobacteriaceae (non-e-coli),0,0,
191,ddb1161e-2396-46c3-b0f4-ce1d03a1e542,189e1c1e-51ba-461e-9178-be5d60c68c0a,1,90b5f89c-c1e1-4f23-b1b5-ba4175163aaf,,Aerococcus spp.,27,27,
192,18d21209-96c5-436e-9941-4804bb7d4cb7,189e1c1e-51ba-461e-9178-be5d60c68c0a,1,90b5f89c-c1e1-4f23-b1b5-ba4175163aaf,,Arcanobacterium pyogenes,0,0,
193,5f175316-08f2-4ede-ae15-9f71da647c73,189e1c1e-51ba-461e-9178-be5d60c68c0a,1,90b5f89c-c1e1-4f23-b1b5-ba4175163aaf,,Coagulase-negative staph (CNS),139,194,
194,cf2781aa-12f6-4d09-bba7-9eafc30d13e1,189e1c1e-51ba-461e-9178-be5d60c68c0a,1,90b5f89c-c1e1-4f23-b1b5-ba4175163aaf,,Corynebacterium spp. (C.bovis),291,340,
195,f0d8fe83-9e0b-46fe-858b-ac260ef7539a,cee59a4d-c66c-4122-b312-16ede58ab6aa,1,b0046891-2460-4d58-9896-6bccad826539,,S.aureus,18,34,
196,505c9f2a-8026-452d-9ced-5ba4784e6b7c,cee59a4d-c66c-4122-b312-16ede58ab6aa,1,b0046891-2460-4d58-9896-6bccad826539,,S epidermidis,9,13,
197,b186ff77-a147-40d6-b8b8-3289662231d3,cee59a4d-c66c-4122-b312-16ede58ab6aa,1,b0046891-2460-4d58-9896-6bccad826539,,Strept. Agalactiae,12,15,
198,c37deec7-4645-444c-b1ea-bc4d013487c6,cee59a4d-c66c-4122-b312-16ede58ab6aa,1,b0046891-2460-4d58-9896-6bccad826539,,Strept. Dysgalactiae,8,10,
199,ffe52fad-438a-4c66-bd37-f2733088fdf3,cee59a4d-c66c-4122-b312-16ede58ab6aa,1,b0046891-2460-4d58-9896-6bccad826539,,Strept. Uberis,67,88,
200,a7282991-a4d8-4165-8a56-72e3c94fb7be,cee59a4d-c66c-4122-b312-16ede58ab6aa,1,b0046891-2460-4d58-9896-6bccad826539,,Corynebacterium spp. (C.bovis),164,186,
201,7ec10cba-8c80-4534-9908-04dbc1e55a41,cee59a4d-c66c-4122-b312-16ede58ab6aa,1,b0046891-2460-4d58-9896-6bccad826539,,Non-pathogen specific,278,346,
202,1ee3b7bf-ff1a-4d97-8926-894a25bd673c,cee59a4d-c66c-4122-b312-16ede58ab6aa,1,b0046891-2460-4d58-9896-6bccad826539,,Major Pathogens,105,147,
203,cce71d8c-4e1b-441d-9340-34c2e2c6edbf,59b787cc-f556-4c84-a762-1bac2c83f36a,1,8ff6e0a6-432e-4bf5-8249-d4df60b12c8e,New_infection,S.aureus,7,9,
204,dfbd882e-e7ad-4e2b-8388-17c45a77de94,59b787cc-f556-4c84-a762-1bac2c83f36a,1,8ff6e0a6-432e-4bf5-8249-d4df60b12c8e,New_infection,S epidermidis,1,1,
205,dc402ed2-b1de-4666-a620-213bd58af255,59b787cc-f556-4c84-a762-1bac2c83f36a,1,8ff6e0a6-432e-4bf5-8249-d4df60b12c8e,New_infection,Strept. Agalactiae,4,5,
206,918f0922-75e3-4668-9c2d-d2dcc7b96658,59b787cc-f556-4c84-a762-1bac2c83f36a,1,8ff6e0a6-432e-4bf5-8249-d4df60b12c8e,New_infection,Strept. Dysgalactiae,0,0,
207,c34e77d7-ae7b-4c15-90c4-bae66019b7d5,59b787cc-f556-4c84-a762-1bac2c83f36a,1,8ff6e0a6-432e-4bf5-8249-d4df60b12c8e,New_infection,Strept. Uberis,8,8,
208,a651363e-daca-4285-aa4b-7c3e6665e566,59b787cc-f556-4c84-a762-1bac2c83f36a,1,8ff6e0a6-432e-4bf5-8249-d4df60b12c8e,New_infection,Corynebacterium spp. (C.bovis),30,31,
209,701ba8e9-a96e-433b-85ca-924f05a8b69a,59b787cc-f556-4c84-a762-1bac2c83f36a,1,8ff6e0a6-432e-4bf5-8249-d4df60b12c8e,New_infection,Non-pathogen specific,50,54,
210,372fdf65-a27f-4608-b420-3844359265ed,59b787cc-f556-4c84-a762-1bac2c83f36a,1,8ff6e0a6-432e-4bf5-8249-d4df60b12c8e,New_infection,Major Pathogens,19,22,
211,4d5b7ace-fae7-4cfd-a065-f74e163dda5b,59b787cc-f556-4c84-a762-1bac2c83f36a,1,8ff6e0a6-432e-4bf5-8249-d4df60b12c8e,Old_infection,S.aureus,9,16,
212,9c323fe1-b648-412d-864d-7a0cf9ece949,59b787cc-f556-4c84-a762-1bac2c83f36a,1,8ff6e0a6-432e-4bf5-8249-d4df60b12c8e,Old_infection,S epidermidis,6,8,
213,d38b338c-938f-4a0c-829f-d9fa437ab1ee,59b787cc-f556-4c84-a762-1bac2c83f36a,1,8ff6e0a6-432e-4bf5-8249-d4df60b12c8e,Old_infection,Strept. Agalactiae,8,9,
214,0e378e7d-025a-4c84-b22b-831a936902ec,59b787cc-f556-4c84-a762-1bac2c83f36a,1,8ff6e0a6-432e-4bf5-8249-d4df60b12c8e,Old_infection,Strept. Dysgalactiae,7,7,
215,309419c0-8b15-47b4-92bf-bcd74a37a9ba,59b787cc-f556-4c84-a762-1bac2c83f36a,1,8ff6e0a6-432e-4bf5-8249-d4df60b12c8e,Old_infection,Strept. Uberis,45,63,
216,47e59770-eb3e-4759-bed9-136cf9870b5e,59b787cc-f556-4c84-a762-1bac2c83f36a,1,8ff6e0a6-432e-4bf5-8249-d4df60b12c8e,Old_infection,Corynebacterium spp. (C.bovis),103,120,
217,d75063e7-ae5d-428e-9b20-168076355598,59b787cc-f556-4c84-a762-1bac2c83f36a,1,8ff6e0a6-432e-4bf5-8249-d4df60b12c8e,Old_infection,Non-pathogen specific,178,223,
218,196234b4-a4a9-4736-a805-8453a4c1cb41,59b787cc-f556-4c84-a762-1bac2c83f36a,1,8ff6e0a6-432e-4bf5-8249-d4df60b12c8e,Old_infection,Major Pathogens,69,95,
219,5b5705ec-0029-4b21-91d6-188faa3a1ddf,bd2eb77b-9dd4-4792-b5e9-25e66f41791f,1,91576eac-216c-4b99-af3a-f90cdefb9ca4,,S.aureus,13,31,
220,e2ea7f3e-e518-43cc-b22b-f94a544986f2,bd2eb77b-9dd4-4792-b5e9-25e66f41791f,1,91576eac-216c-4b99-af3a-f90cdefb9ca4,,S epidermidis,11,12,
221,f35608e7-6525-4645-bf1f-8da71038401b,bd2eb77b-9dd4-4792-b5e9-25e66f41791f,1,91576eac-216c-4b99-af3a-f90cdefb9ca4,,Strept. Agalactiae,11,14,
222,9739a162-0084-42dd-a6a2-797d3a8d8e3f,bd2eb77b-9dd4-4792-b5e9-25e66f41791f,1,91576eac-216c-4b99-af3a-f90cdefb9ca4,,Strept. Dysgalactiae,7,8,
223,20db491c-0764-42ff-8b58-1725f8aab989,bd2eb77b-9dd4-4792-b5e9-25e66f41791f,1,91576eac-216c-4b99-af3a-f90cdefb9ca4,,Strept. Uberis,79,123,
224,e77ef758-a0b1-4024-8181-6c983c628253,bd2eb77b-9dd4-4792-b5e9-25e66f41791f,1,91576eac-216c-4b99-af3a-f90cdefb9ca4,,Corynebacterium spp. (C.bovis),143,186,
225,8af9d84a-0eac-4bd9-98a5-edbb3a2cc661,bd2eb77b-9dd4-4792-b5e9-25e66f41791f,1,91576eac-216c-4b99-af3a-f90cdefb9ca4,,Non-pathogen specific,266,376,
226,ea93ac84-cdd0-4cbd-a648-8e454a8c5e44,bd2eb77b-9dd4-4792-b5e9-25e66f41791f,1,91576eac-216c-4b99-af3a-f90cdefb9ca4,,Major Pathogens,112,178,
267,6421e9c4-4a8a-4e26-b4b6-98ddd5c5586f,54ddf430-98c4-4b34-b6ea-466a6319ed83,1,7e787ec4-0147-4fad-ab97-a86890bbf1b2,New_infection,S.aureus,2,3,
268,cde13ef1-70a1-416d-be45-29353350f589,54ddf430-98c4-4b34-b6ea-466a6319ed83,1,7e787ec4-0147-4fad-ab97-a86890bbf1b2,New_infection,S epidermidis,1,1,
269,c7d35f60-cd97-44d4-b04c-dd0fb8f41be5,54ddf430-98c4-4b34-b6ea-466a6319ed83,1,7e787ec4-0147-4fad-ab97-a86890bbf1b2,New_infection,Strept. Agalactiae,1,3,
270,a307ecbf-add4-4cc2-ada1-81496d079ec4,54ddf430-98c4-4b34-b6ea-466a6319ed83,1,7e787ec4-0147-4fad-ab97-a86890bbf1b2,New_infection,Strept. Dysgalactiae,0,0,
271,4a93f6ce-44dc-49c7-99d7-ddcc9783df0d,54ddf430-98c4-4b34-b6ea-466a6319ed83,1,7e787ec4-0147-4fad-ab97-a86890bbf1b2,New_infection,Strept. Uberis,8,8,
272,08f66a07-656f-4731-b7f4-ad0c71400fa0,54ddf430-98c4-4b34-b6ea-466a6319ed83,1,7e787ec4-0147-4fad-ab97-a86890bbf1b2,New_infection,Corynebacterium spp. (C.bovis),25,28,
273,cdc4336d-227c-4e9c-9ff0-f5a3e2fe533f,54ddf430-98c4-4b34-b6ea-466a6319ed83,1,7e787ec4-0147-4fad-ab97-a86890bbf1b2,New_infection,Non-pathogen specific,37,43,
274,03bc0cdd-8e90-40f5-8905-62745021781a,54ddf430-98c4-4b34-b6ea-466a6319ed83,1,7e787ec4-0147-4fad-ab97-a86890bbf1b2,New_infection,Major Pathogens,11,14,
275,766fa200-6f38-463f-895f-c2473a7cd6d7,54ddf430-98c4-4b34-b6ea-466a6319ed83,1,7e787ec4-0147-4fad-ab97-a86890bbf1b2,Old_infection,S.aureus,8,16,
276,0fb9f981-f573-41a6-8c49-f464da76b525,54ddf430-98c4-4b34-b6ea-466a6319ed83,1,7e787ec4-0147-4fad-ab97-a86890bbf1b2,Old_infection,S epidermidis,6,7,
277,94e547aa-1bd4-45e9-91d6-d7acdf7afd9e,54ddf430-98c4-4b34-b6ea-466a6319ed83,1,7e787ec4-0147-4fad-ab97-a86890bbf1b2,Old_infection,Strept. Agalactiae,9,10,
278,3c0780de-6174-4aec-b086-e4c44385eeaf,54ddf430-98c4-4b34-b6ea-466a6319ed83,1,7e787ec4-0147-4fad-ab97-a86890bbf1b2,Old_infection,Strept. Dysgalactiae,4,5,
279,8e5b113e-d048-4cc4-a56e-8a232f3cee8d,54ddf430-98c4-4b34-b6ea-466a6319ed83,1,7e787ec4-0147-4fad-ab97-a86890bbf1b2,Old_infection,Strept. Uberis,58,86,
280,b7e6e114-a674-4a10-aadd-19476b36d7c9,54ddf430-98c4-4b34-b6ea-466a6319ed83,1,7e787ec4-0147-4fad-ab97-a86890bbf1b2,Old_infection,Corynebacterium spp. (C.bovis),81,113,
281,a23b9ce1-0a9f-47e3-a2c2-9eb2b0047d12,54ddf430-98c4-4b34-b6ea-466a6319ed83,1,7e787ec4-0147-4fad-ab97-a86890bbf1b2,Old_infection,Non-pathogen specific,166,237,
282,b038ab2e-6190-464c-9750-ab381b5352df,54ddf430-98c4-4b34-b6ea-466a6319ed83,1,7e787ec4-0147-4fad-ab97-a86890bbf1b2,Old_infection,Major Pathogens,79,117,
283,083f0235-9a19-4a81-ae0a-8cf65be98293,f998f1fe-ea88-445b-82f3-4deb41e0ee08,1,f1b47678-0070-46a1-a300-bf7983aa05ef,,Non-pathogen specific,24,30,
284,43e30e5c-5f91-49e1-ac35-f3035f6eae07,8fc51a65-ff0f-4068-9477-a0c8702721f7,1,099bc7d1-34a9-4d0e-88a6-60979dec74c4,,Non-pathogen specific,22,27,
285,37b517cc-bed9-4e47-b166-b7b58614742b,f925b185-60a2-4acf-b8e8-cc7178b95d56,1,18be6e53-f7f3-46e6-8070-40afac220890,,Non-pathogen specific,8,21,
286,81f4381c-8a7a-4efa-9a95-6ebc9597fdc5,e1581eaf-b277-40d2-a37d-8b7e0f05c82f,1,dd1cfc7d-bcb4-4c25-9bf2-92fbf2622f58,,Non-pathogen specific,8,16,
287,18b04947-e424-4b39-bcfe-54fb3e4a3faf,a0decc31-6150-48cf-b061-7b6e327ef79e,1,3c3ef841-7dcd-44c6-8d68-556c4ea439cd,,Non-pathogen specific,20,30,
292,d674ebf8-8643-4d54-b852-b70094d7c395,175fc419-655f-4c03-897a-25507c0c2c31,1,50109f6a-1f6c-4673-b3d8-046c6448522f,,Non-pathogen specific,45,57,
293,af1fcb4a-8188-4e05-8dc3-c2d4d65e3d38,175fc419-655f-4c03-897a-25507c0c2c31,1,50109f6a-1f6c-4673-b3d8-046c6448522f,,Coagulase-negative staph (CNS),30,41,
294,06e1d60e-18c7-4788-9ff5-80f0bf3b8956,175fc419-655f-4c03-897a-25507c0c2c31,1,50109f6a-1f6c-4673-b3d8-046c6448522f,,Strept.spp (no specification),14,14,
295,19b7d3aa-87ed-482b-816b-44bb402680c6,8bc1a229-3be2-474e-acf7-d5cbc915f83d,1,95f9fe11-9174-4962-8f31-af50e41677e6,,Non-pathogen specific,21,28,
299,19632c46-7881-4503-a78b-64ccf85eeec9,b087aa39-b9a3-46f2-9d5d-ec102292d9da,1,0f23de2c-bc66-4ab1-b9b6-47d2d8e200ae,,Non-pathogen specific,44,47,
300,32988ebf-1799-401b-b373-f0e12be6b420,b087aa39-b9a3-46f2-9d5d-ec102292d9da,1,0f23de2c-bc66-4ab1-b9b6-47d2d8e200ae,,Coagulase-negative staph (CNS),25,27,
301,86573ada-e2ab-499f-bafb-0b190ebd1a45,b087aa39-b9a3-46f2-9d5d-ec102292d9da,1,0f23de2c-bc66-4ab1-b9b6-47d2d8e200ae,,Strept.spp (no specification),17,18,
302,74ba2faa-864c-49d4-a93f-153e35f505de,5510d4b2-b2ea-4598-b17b-fff584ffc636,1,559b9a6e-d751-4509-92d9-b3e7e33aa97a,,Non-pathogen specific,17,33,
303,9f74d579-9b90-40cf-a0b0-a845d1fb032d,7f2abaf5-73c7-41aa-8ef4-5959ef8d26da,1,027cd8dc-7a9a-443e-b3ef-6fc7c4835e3a,,Non-pathogen specific,60,68,
304,55ce2d1e-9163-468d-a765-8f1d32aa660c,7f2abaf5-73c7-41aa-8ef4-5959ef8d26da,1,027cd8dc-7a9a-443e-b3ef-6fc7c4835e3a,,Coagulase-negative staph (CNS),25,28,
305,ed51419f-a78c-439d-aec2-fd9b75ba4f28,7f2abaf5-73c7-41aa-8ef4-5959ef8d26da,1,027cd8dc-7a9a-443e-b3ef-6fc7c4835e3a,,Strept.spp (no specification),31,34,
306,56df5bfd-795a-4b20-84af-f3fb22a9d6ce,14f6bbdc-4587-42bf-91b5-ef3ee2a5b6b3,1,823111b4-d418-4ee6-af55-53af4bec8c74,,Non-pathogen specific,15,32,
307,49fe64f0-9b2c-4f8b-ade1-0c0bce4af27f,deedefc1-5d60-4edb-b0fe-55da6e4f58d6,1,fbb394b0-d22d-4129-8885-2beb0e56ec20,,Non-pathogen specific,57,73,
308,f373fcc2-a52d-467c-a786-92a75ad7d36b,deedefc1-5d60-4edb-b0fe-55da6e4f58d6,1,fbb394b0-d22d-4129-8885-2beb0e56ec20,,Coagulase-negative staph (CNS),42,58,
309,ff1b0b64-d3ab-47bc-a322-29df7c4a0a38,deedefc1-5d60-4edb-b0fe-55da6e4f58d6,1,fbb394b0-d22d-4129-8885-2beb0e56ec20,,Strept.spp (no specification),14,14,
310,e686acb2-b467-41ed-9ffb-b737398c8d6c,dcb64f4d-58e8-4393-836e-378a4b16e561,1,edd86d9d-a530-4cc3-919a-6427fa55c3a6,,Non-pathogen specific,1,4,
311,b49a2207-124a-445f-bc7e-60aef8b4700f,08980c58-e2ff-4cce-82d9-1781f70fc198,1,635facce-10fb-4842-87dd-ca0a34aac7bf,,Non-pathogen specific,10,12,
312,24300af2-31b8-418a-b4a2-210cc7b21f33,08980c58-e2ff-4cce-82d9-1781f70fc198,1,635facce-10fb-4842-87dd-ca0a34aac7bf,,S.aureus,9,11,
313,cae8d88e-4b89-4fc8-90d0-0c027056df86,48eed1af-7b3b-4674-8578-5fce775e2d2c,1,a4bd8ace-0dea-4dba-b183-345ed82d33a2,,Non-pathogen specific,2,28,
314,92c5cb36-fe57-4c43-add8-af0727a982d5,48eed1af-7b3b-4674-8578-5fce775e2d2c,1,a4bd8ace-0dea-4dba-b183-345ed82d33a2,,S.aureus,1,11,
315,0541e1ff-5f3e-4ff8-b610-2f803bbfc684,48eed1af-7b3b-4674-8578-5fce775e2d2c,1,a4bd8ace-0dea-4dba-b183-345ed82d33a2,,Strept. Agalactiae,0,3,
316,f627fbf5-1bf4-4e38-b2b6-4a4c0673883f,48eed1af-7b3b-4674-8578-5fce775e2d2c,1,a4bd8ace-0dea-4dba-b183-345ed82d33a2,,S epidermidis,1,2,
317,7a232f7b-0a19-41f1-b728-0e4bbed802e0,48eed1af-7b3b-4674-8578-5fce775e2d2c,1,a4bd8ace-0dea-4dba-b183-345ed82d33a2,,E. coli,1,4,
318,9eddb66c-d163-4237-9f8e-4cae1685ba7d,c92b7162-f317-4f46-bbed-dda691dda46d,1,ae36edb1-a3e2-4a37-8747-e02a431a71a0,,Non-pathogen specific,1,8,
319,e9fafa97-fad6-4144-9f49-848f45d58e80,c92b7162-f317-4f46-bbed-dda691dda46d,1,ae36edb1-a3e2-4a37-8747-e02a431a71a0,,S.aureus,1,6,
320,e529ef6d-44d3-443b-a75b-dd3cd1433c5d,c92b7162-f317-4f46-bbed-dda691dda46d,1,ae36edb1-a3e2-4a37-8747-e02a431a71a0,,Strept. Agalactiae,0,2,
322,2dbc2123-12c2-48a0-adae-6f300b587a8c,88db9cf7-d08c-4d51-97c3-39c28314c4f7,1,3295b162-8dee-41b6-b631-748f8a4d3996,,Non-pathogen specific,99,124,
324,66c80c8c-10a0-41a8-a767-c789b84c720e,dbccee2f-0fdb-4980-933f-fc471ca7b9d9,1,88f83ff4-f5d8-4069-8a1e-5dea4cb2ea66,,Non-pathogen specific,93,125,
325,8b9a8018-b09e-4c88-ac8f-2f7646967253,1bf835ad-7446-45ca-8768-28d67ffaabed,1,4e8bc57e-ebd0-4ab1-affc-5dcae290a55a,,Strept. Uberis,35,36,
326,770f2cca-e2c9-44b8-b2ec-cbb05574ecfa,1bf835ad-7446-45ca-8768-28d67ffaabed,1,4e8bc57e-ebd0-4ab1-affc-5dcae290a55a,,Coagulase-positive staph,27,30,
327,2e0dc3a0-3886-4f58-a487-bae7592f45f4,1bf835ad-7446-45ca-8768-28d67ffaabed,1,4e8bc57e-ebd0-4ab1-affc-5dcae290a55a,,E. coli,10,10,
328,4e2226e8-a7da-4690-bfc6-36cca271fe77,1bf835ad-7446-45ca-8768-28d67ffaabed,1,4e8bc57e-ebd0-4ab1-affc-5dcae290a55a,,Strept. Dysgalactiae,4,4,
329,f1d313f1-b7fe-4214-a4ad-b30ff65cd185,1bf835ad-7446-45ca-8768-28d67ffaabed,1,4e8bc57e-ebd0-4ab1-affc-5dcae290a55a,,Coliforms,7,9,
330,7cb79926-14a1-4237-9836-e9fa3c2f59e9,1bf835ad-7446-45ca-8768-28d67ffaabed,1,4e8bc57e-ebd0-4ab1-affc-5dcae290a55a,,Pseudomonas spp.,2,2,
331,ed751432-06e0-4319-9ba8-fe1c5b709fd6,1bf835ad-7446-45ca-8768-28d67ffaabed,1,4e8bc57e-ebd0-4ab1-affc-5dcae290a55a,,Yeast,2,2,
332,5244e01c-862e-491b-9e42-6f799bdaf049,1bf835ad-7446-45ca-8768-28d67ffaabed,1,4e8bc57e-ebd0-4ab1-affc-5dcae290a55a,,Bacillus spp.,11,35,
333,9e82204d-5228-4fcb-8b97-39b43eeeae25,1bf835ad-7446-45ca-8768-28d67ffaabed,1,4e8bc57e-ebd0-4ab1-affc-5dcae290a55a,,Major Pathogens,160,168,
334,4a8de406-bcb4-4306-82c3-ce8f1fd89d89,1bf835ad-7446-45ca-8768-28d67ffaabed,1,4e8bc57e-ebd0-4ab1-affc-5dcae290a55a,,Coagulase-negative staph (CNS),75,97,
335,536181a9-b2c7-4858-ab65-dfecfcc2b483,1bf835ad-7446-45ca-8768-28d67ffaabed,1,4e8bc57e-ebd0-4ab1-affc-5dcae290a55a,,Corynebacterium spp. (C.bovis),196,208,
336,f4a65980-d826-4260-bc9f-692661a3977c,1bf835ad-7446-45ca-8768-28d67ffaabed,1,4e8bc57e-ebd0-4ab1-affc-5dcae290a55a,,Minor Pathogens,271,305,
349,392e0a16-1cdb-43de-bf7f-25455affdf9b,12847beb-70af-4af1-8157-76b2662f7f94,1,3a3e9578-de02-4c4b-8ede-ab5b3416d272,,Strept. Uberis,27,29,
350,6e6e505c-f38d-4b6b-8377-0a6b10909e6a,12847beb-70af-4af1-8157-76b2662f7f94,1,3a3e9578-de02-4c4b-8ede-ab5b3416d272,,Coagulase-positive staph,29,32,
351,4969aa3b-18d1-4f3a-90b0-426e5e4bab2f,12847beb-70af-4af1-8157-76b2662f7f94,1,3a3e9578-de02-4c4b-8ede-ab5b3416d272,,E. coli,10,11,
352,e038c113-a017-4c55-bdb2-933f5fbb805c,12847beb-70af-4af1-8157-76b2662f7f94,1,3a3e9578-de02-4c4b-8ede-ab5b3416d272,,Strept. Dysgalactiae,6,6,
353,ea0f7f9d-bd1d-4b10-8fa8-e1d008b81cd7,12847beb-70af-4af1-8157-76b2662f7f94,1,3a3e9578-de02-4c4b-8ede-ab5b3416d272,,Coliforms,25,25,
354,b16f1f8f-9f27-4ad9-bf50-29de8cc2ce8e,12847beb-70af-4af1-8157-76b2662f7f94,1,3a3e9578-de02-4c4b-8ede-ab5b3416d272,,Pseudomonas spp.,5,5,
355,ff3deafe-cb37-4e5f-861e-eca271130f5c,12847beb-70af-4af1-8157-76b2662f7f94,1,3a3e9578-de02-4c4b-8ede-ab5b3416d272,,Yeast,0,0,
356,bc787fad-c1ed-459e-a868-a31a3d2f8040,12847beb-70af-4af1-8157-76b2662f7f94,1,3a3e9578-de02-4c4b-8ede-ab5b3416d272,,Bacillus spp.,39,41,
357,cae4806d-798c-4d2e-a9ea-2a57465980d5,12847beb-70af-4af1-8157-76b2662f7f94,1,3a3e9578-de02-4c4b-8ede-ab5b3416d272,,Major Pathogens,179,186,
358,ac4a2e9d-e3c8-4ce6-9058-a8081c93d718,12847beb-70af-4af1-8157-76b2662f7f94,1,3a3e9578-de02-4c4b-8ede-ab5b3416d272,,Coagulase-negative staph (CNS),94,110,
359,1a2fbbd0-dc3e-46d0-a559-ebca3e2983db,12847beb-70af-4af1-8157-76b2662f7f94,1,3a3e9578-de02-4c4b-8ede-ab5b3416d272,,Corynebacterium spp. (C.bovis),206,212,
360,31d33ad6-fed4-435f-b388-de3ac3782d68,12847beb-70af-4af1-8157-76b2662f7f94,1,3a3e9578-de02-4c4b-8ede-ab5b3416d272,,Minor Pathogens,299,322,
361,d2dc304c-2e9a-4206-834b-5f695d3ad0e1,12847beb-70af-4af1-8157-76b2662f7f94,1,3a3e9578-de02-4c4b-8ede-ab5b3416d272,,Non-pathogen specific,478,508,
362,6ca4b9cb-2830-41b3-a3c8-3dccd1b50908,1bf835ad-7446-45ca-8768-28d67ffaabed,1,4e8bc57e-ebd0-4ab1-affc-5dcae290a55a,,Non-pathogen specific,398,437,
363,e4574d8c-29f9-4181-8464-5ae3854b716f,9ee0fdde-3964-49a0-9aeb-fe3fc3b27d1d,1,f3b661f3-d1e4-4a07-aed8-624edcea4381,,S.aureus,25,32,
364,ff6f420c-288e-4c99-a36c-44c5a9404e0f,e743f844-924c-405e-b8e0-3d4a350e2d09,1,1c41586c-7e6b-4a6c-9750-527ae7152e2d,,S.aureus,9,14,
370,45bd57e8-39bf-4f50-bf67-94e7bd980eff,f363bceb-07b7-425c-868c-b732393a0be0,1,37aaf24e-2b6f-4e9c-8612-fe2b93440a84,2,S.aureus,11,16,
371,772d022f-03e8-4f08-8d07-52d313792959,f363bceb-07b7-425c-868c-b732393a0be0,1,37aaf24e-2b6f-4e9c-8612-fe2b93440a84,3,S.aureus,6,6,
372,9966195d-aa3d-4fc9-a366-4a8c3e0af414,f363bceb-07b7-425c-868c-b732393a0be0,1,37aaf24e-2b6f-4e9c-8612-fe2b93440a84,4,S.aureus,4,4,
373,7370b7d6-8db4-4d29-b283-fbf1e5e51d22,f363bceb-07b7-425c-868c-b732393a0be0,1,37aaf24e-2b6f-4e9c-8612-fe2b93440a84,5,S.aureus,3,5,
374,a47eae74-482a-4af6-b042-6d740f10634a,f363bceb-07b7-425c-868c-b732393a0be0,1,37aaf24e-2b6f-4e9c-8612-fe2b93440a84,7,S.aureus,1,1,
375,2d7d337b-9a5b-46c8-8cb1-5b24758a4028,57650280-be94-4835-b82b-f798ca27a046,1,0c9627ab-c4c0-4044-a721-b3aa001151e3,,S.aureus,23,31,
376,5df64f5e-1852-47b6-8419-d0cac81aad6b,f919bbe9-b730-4ab6-bb7f-5afbf673403e,1,91aa21c0-7344-4d94-bea5-50c2a5db3068,2,S.aureus,9,13,
377,5b04b856-f420-4a11-8497-014d4ce53a91,f919bbe9-b730-4ab6-bb7f-5afbf673403e,1,91aa21c0-7344-4d94-bea5-50c2a5db3068,3,S.aureus,5,8,
378,9c5f4b2c-1add-4d8d-a208-140ef67673e9,f919bbe9-b730-4ab6-bb7f-5afbf673403e,1,91aa21c0-7344-4d94-bea5-50c2a5db3068,4,S.aureus,3,3,
379,b5190e4f-9318-4d67-a10b-32bf7f673970,f919bbe9-b730-4ab6-bb7f-5afbf673403e,1,91aa21c0-7344-4d94-bea5-50c2a5db3068,5,S.aureus,12,14,
381,8b614e40-7405-43c0-a253-6598a7a7d1d5,7a4a5cfb-31a7-4d16-9f15-42af6d521ad5,1,c71ad1ea-29b8-406a-8ae7-8c2ad3065aa8,,S.aureus,9,16,
384,0551f212-2bcc-4127-9b97-b847615b8a2a,9a119214-d762-4517-bd18-ae1391b773e1,1,b00e4fa8-80c4-4189-bdc9-cd4d3ca41b1a,,S.aureus,3,33,
385,de9477cd-463c-4039-8881-8a5eb6eabdc7,10ddb134-10fc-4bbd-bdb6-b14f1c333152,1,8940211b-4ebd-47e3-ba59-fd95702079da,,S.aureus,0,14,
386,0649f5fb-3597-405b-9b49-26d4140cfd40,e93e8d97-07a1-40f1-abe4-f6817fb90799,1,e693a029-f94a-49ce-bf53-8e101a480e26,2,S.aureus,2,14,
387,1f886756-ab51-4cc6-a528-b34a795affd5,e93e8d97-07a1-40f1-abe4-f6817fb90799,1,e693a029-f94a-49ce-bf53-8e101a480e26,3,S.aureus,0,16,
388,3f943bee-5e4a-4e69-ae43-fb5276307f1e,e93e8d97-07a1-40f1-abe4-f6817fb90799,1,e693a029-f94a-49ce-bf53-8e101a480e26,5,S.aureus,1,2,
389,cbe6edb7-5bbc-4e39-a60e-2f0f37c8748f,e93e8d97-07a1-40f1-abe4-f6817fb90799,1,e693a029-f94a-49ce-bf53-8e101a480e26,9,S.aureus,0,1,
392,17e94e72-11c9-4894-8a74-d3df44a23e9a,9ee0fdde-3964-49a0-9aeb-fe3fc3b27d1d,1,f3b661f3-d1e4-4a07-aed8-624edcea4381,,Strept. Agalactiae,4,4,
393,8bd8dd3c-7f22-45bc-949c-aab35cead824,9ee0fdde-3964-49a0-9aeb-fe3fc3b27d1d,1,f3b661f3-d1e4-4a07-aed8-624edcea4381,,Coagulase-negative staph (CNS),1,1,
394,2ba99d38-d3ab-4cde-8a68-af59618533cf,57650280-be94-4835-b82b-f798ca27a046,1,0c9627ab-c4c0-4044-a721-b3aa001151e3,,Strept. Agalactiae,2,4,
395,951d34db-fd7c-436f-99a8-2c10de644b5f,57650280-be94-4835-b82b-f798ca27a046,1,0c9627ab-c4c0-4044-a721-b3aa001151e3,,Coagulase-negative staph (CNS),3,3,
396,6e03285c-82fa-4597-9502-d8e5306b4f5b,9a119214-d762-4517-bd18-ae1391b773e1,1,b00e4fa8-80c4-4189-bdc9-cd4d3ca41b1a,,Coagulase-negative staph (CNS),0,4,
397,2be60087-f02c-4dcf-afe4-2ef7a1e3ebf9,28275b75-fe4c-4de6-a7e6-bd1881c3c854,1,e96857c6-987c-4d09-990a-0a91f2a31288,,S.aureus,24,24,
398,210b96f0-ef94-4c64-86f6-9120c5b3b3c6,28275b75-fe4c-4de6-a7e6-bd1881c3c854,1,e96857c6-987c-4d09-990a-0a91f2a31288,,S epidermidis,8,8,
399,141d4dc7-e6e1-4861-95ab-16562882ba86,28275b75-fe4c-4de6-a7e6-bd1881c3c854,1,e96857c6-987c-4d09-990a-0a91f2a31288,,Coagulase-negative staph (CNS),26,26,
400,26b94390-8490-45d2-9a91-e71574a05fc5,10c18bf0-c983-4c4f-8b50-6c043220ec80,1,4e2af6b8-736a-4d7a-a47a-962551f174f8,,S.aureus,24,24,
401,45ac81ea-2491-4fd3-9103-3baf9d26d179,10c18bf0-c983-4c4f-8b50-6c043220ec80,1,4e2af6b8-736a-4d7a-a47a-962551f174f8,,S epidermidis,7,7,
402,229a390e-5f15-45f4-9bf3-ccb1f7bc7ed1,10c18bf0-c983-4c4f-8b50-6c043220ec80,1,4e2af6b8-736a-4d7a-a47a-962551f174f8,,Coagulase-negative staph (CNS),25,25,
403,34398a4f-cdd4-4a57-9a5f-890850952577,366194ac-131f-4881-ab0a-987b02975170,1,ee9554c1-7476-4496-8057-db52a86d7a4e,,S.aureus,22,22,
404,d48b8462-34c7-4f59-aef4-4ae95def5600,366194ac-131f-4881-ab0a-987b02975170,1,ee9554c1-7476-4496-8057-db52a86d7a4e,,S epidermidis,8,8,
405,aeecc50f-e855-4a6d-ae1a-9b31d570f822,366194ac-131f-4881-ab0a-987b02975170,1,ee9554c1-7476-4496-8057-db52a86d7a4e,,Coagulase-negative staph (CNS),26,26,
412,d02ac18d-bec6-447a-bb43-84e8cc38d5c5,b8072cb8-cd9b-4a66-b612-45c7a7e32498,1,0cb0f588-6e71-4e06-9391-b82969e425f0,,S.aureus,35,40,
413,aeab2d6b-9bb1-47ce-873f-0f6a28732ead,b8072cb8-cd9b-4a66-b612-45c7a7e32498,1,0cb0f588-6e71-4e06-9391-b82969e425f0,,Strept. Agalactiae,0,2,
414,cebb3186-52ef-473a-a114-91521730180d,b8072cb8-cd9b-4a66-b612-45c7a7e32498,1,0cb0f588-6e71-4e06-9391-b82969e425f0,,Strept.spp (no specification),0,0,
415,68fd0db0-5a25-4d94-a461-e9448eff7fe5,b8072cb8-cd9b-4a66-b612-45c7a7e32498,1,0cb0f588-6e71-4e06-9391-b82969e425f0,,Coliforms,4,4,
416,9f10efd1-0f93-4331-835c-615ab7331d18,b8072cb8-cd9b-4a66-b612-45c7a7e32498,1,0cb0f588-6e71-4e06-9391-b82969e425f0,,Corynebacterium spp. (C.bovis),11,15,
417,7bef9eb9-713f-4e28-8fa0-7f129bf4f2e4,b8072cb8-cd9b-4a66-b612-45c7a7e32498,1,0cb0f588-6e71-4e06-9391-b82969e425f0,,Non-pathogen specific,41,48,
418,d4c7122e-6ad4-4ef6-a209-2beeb57de9f7,5da54e8c-6ac0-4bf9-8b51-b2d27619d659,1,c36c133e-257b-4370-8412-2fe7d2b07abe,,Non-pathogen specific,28,33,
419,f0b8093c-058d-4ae8-b56f-dd8eba8728e1,9a925827-0c6b-4845-aae7-85d35bf9721c,1,7edf8f22-38c9-40b8-85af-ec762275f7ae,,S.aureus,34,40,
420,273784cf-08a3-45c3-bc3e-bb7d506aa41b,9a925827-0c6b-4845-aae7-85d35bf9721c,1,7edf8f22-38c9-40b8-85af-ec762275f7ae,,Strept. Agalactiae,5,5,
421,ec20b369-9034-41fc-a9ae-0b09b99e17f9,9a925827-0c6b-4845-aae7-85d35bf9721c,1,7edf8f22-38c9-40b8-85af-ec762275f7ae,,Strept.spp (no specification),2,2,
422,a507d48a-547a-4156-bfaf-411301cfd6a1,9a925827-0c6b-4845-aae7-85d35bf9721c,1,7edf8f22-38c9-40b8-85af-ec762275f7ae,,Coliforms,3,3,
423,072b28cc-fa5f-48fd-af52-a0ab85f27fe7,9a925827-0c6b-4845-aae7-85d35bf9721c,1,7edf8f22-38c9-40b8-85af-ec762275f7ae,,Corynebacterium spp. (C.bovis),13,19,
424,98157331-8dd1-4a7e-9141-46bdced566fd,9a925827-0c6b-4845-aae7-85d35bf9721c,1,7edf8f22-38c9-40b8-85af-ec762275f7ae,,Non-pathogen specific,45,51,
425,28989f88-db54-4d47-baa9-f5e620b8e26e,02130bb2-00c1-46e3-8a74-0908e12b845c,1,fac7c706-757c-4707-875d-65308ce8fb5c,,Non-pathogen specific,30,31,
427,d9a3e78c-077d-4ed0-8d2d-dceb7a8cf327,04d2b81a-4f53-4239-a7e0-a71bb4195802,1,8ec36bdc-be34-47b8-a5ea-b83562a2eb35,,Non-pathogen specific,182,275,
428,73fe2d9d-07de-418e-a5e0-beb85cb509a8,757e6347-eef9-4908-80b3-d7833ee0efdc,1,eb5e5610-674f-44b7-9484-dfe0aa0247c3,,Non-pathogen specific,181,275,
429,9260484b-21a7-4c2c-adab-6ab3430c706b,2b984a95-c52d-47a1-b0e4-4e862dcd0200,1,2181a50f-0829-43ff-916a-0b16b893947c,,Non-pathogen specific,45,97,
430,6713dcc8-cbd5-41c5-812a-4427eb9dc8ea,1ff27309-f79e-49e1-9de5-a92065e30cdc,1,24a2d30e-919e-43d5-953d-707debb137b8,,Non-pathogen specific,62,59,
431,906f7f86-ca91-4d78-a6e7-e4e06d0df4fc,2b7a24bf-979f-444c-89b6-912f036d85d9,1,b01f887d-3f0a-4f4f-8c55-8bf700aded25,,Non-pathogen specific,57,104,
432,5302f6df-ca05-4934-8fbb-e1b4ea851894,93b8b830-42f5-40b2-8f5e-868aa7ad5834,1,941f7cd8-4a7e-44bc-ba84-d3c69a7515b9,,Non-pathogen specific,84,136,
433,061ba5d5-3636-4757-a96a-6386b46121e0,fe4fb1ea-0064-4784-8905-48782e7a7dd4,1,8452c657-ae09-4aa1-add9-4e2e6c6dacc0,,Non-pathogen specific,58,103,
435,da78e69c-6e17-4fb2-864d-cfd0090ce7e0,51076ee4-922f-40c7-95b0-117a039fe72f,1,918c553e-fc6d-4c4b-a38e-2020f11b6193,,Non-pathogen specific,1,12,
436,e3b7bc7a-50bb-466c-a14c-879c99d792b8,682a814a-4629-45be-9ce8-c4ccf57bb5ef,1,6fbdcfc8-83f2-430a-a3d7-6f2195549f6e,,Non-pathogen specific,16,29,
437,eb7f610f-c2eb-4a31-b9cd-a2c8d0c59b2e,682a814a-4629-45be-9ce8-c4ccf57bb5ef,1,6fbdcfc8-83f2-430a-a3d7-6f2195549f6e,,S.aureus,2,9,
438,5d25bd84-def7-45a8-ac1e-ae2aaf388e47,682a814a-4629-45be-9ce8-c4ccf57bb5ef,1,6fbdcfc8-83f2-430a-a3d7-6f2195549f6e,,Strept.spp (no specification),1,1,
439,a78b4566-d4cf-46f2-b55e-25fbbc57636c,682a814a-4629-45be-9ce8-c4ccf57bb5ef,1,6fbdcfc8-83f2-430a-a3d7-6f2195549f6e,,Arcanobacterium pyogenes,2,2,
440,efc3db78-afe2-4fce-b1ad-d0741b9e3d3b,682a814a-4629-45be-9ce8-c4ccf57bb5ef,1,6fbdcfc8-83f2-430a-a3d7-6f2195549f6e,,Corynebacterium spp. (C.bovis),10,10,
441,be4e6ac3-8a08-49a8-a169-2688a5b094b0,682a814a-4629-45be-9ce8-c4ccf57bb5ef,1,6fbdcfc8-83f2-430a-a3d7-6f2195549f6e,,Bacillus spp.,5,8,
442,5299091e-cc4e-4dca-abec-bf2e5d5ad317,78d9e50f-8d2f-4bb4-98df-40b067a4c0bd,1,91a0eaec-8a93-4b78-a28e-891c353911b8,,S.aureus,2,2,
443,3c3a9355-db8d-408f-894b-9af6c8ac97a2,78d9e50f-8d2f-4bb4-98df-40b067a4c0bd,1,91a0eaec-8a93-4b78-a28e-891c353911b8,,Corynebacterium spp. (C.bovis),54,58,
444,bc32a5e6-6cd8-435b-b0c4-d04029109f19,78d9e50f-8d2f-4bb4-98df-40b067a4c0bd,1,91a0eaec-8a93-4b78-a28e-891c353911b8,,Coliforms,1,1,
445,d983692d-7d96-4c1b-bb99-315bc51e44d2,78d9e50f-8d2f-4bb4-98df-40b067a4c0bd,1,91a0eaec-8a93-4b78-a28e-891c353911b8,,Non-pathogen specific,53,61,
446,ffd9b1d5-53fe-4a82-833f-48d5f0a4b8fd,39590741-4c17-4aef-a51b-50f5a20f02b3,1,8f27dddd-8160-4810-82d9-e72812a8e7c6,,Non-pathogen specific,13,20,
447,eb82d05d-8302-4b79-8e6c-634908472788,2a4fecff-26d4-48e0-8284-230d4bbd0f8a,1,8284c826-87cf-4cbb-9d0f-3c7ed6e4348b,,Non-pathogen specific,3,15,
448,e88ecadd-a312-4918-a6e6-d9be82bf2560,8e83f188-db87-45b0-9b23-199d9496e5f7,1,7da2f9ed-d836-44d3-842d-7ab67201b9aa,,Non-pathogen specific,16,34,
449,5851cca5-1ad2-47d3-bd66-1680ded741b0,8e83f188-db87-45b0-9b23-199d9496e5f7,1,7da2f9ed-d836-44d3-842d-7ab67201b9aa,,S.aureus,6,18,
450,8197edd5-9712-4597-af54-2c3fd3dd3733,8e83f188-db87-45b0-9b23-199d9496e5f7,1,7da2f9ed-d836-44d3-842d-7ab67201b9aa,,Strept. Agalactiae,4,4,
451,f544b4ca-dbbf-4316-83f2-db14c4506dc7,8e83f188-db87-45b0-9b23-199d9496e5f7,1,7da2f9ed-d836-44d3-842d-7ab67201b9aa,,Strept.spp (no specification),1,1,
452,6ea74dd5-41f6-4872-a6ec-f556fbb6ae5e,8e83f188-db87-45b0-9b23-199d9496e5f7,1,7da2f9ed-d836-44d3-842d-7ab67201b9aa,,Corynebacterium spp. (C.bovis),13,13,
454,7ee8aae6-323a-4a10-8e11-68a08bcbe412,efe4a776-e4fb-4501-86fe-9e164a9c9b8c,1,4a40a4ca-6814-48d4-89df-39cc6aaeb105,,S.aureus,74,110,
455,53c96a38-315f-4df1-966c-be362fd64f80,ee14b449-611f-4d47-8e59-28d6a5134669,1,880d495d-bb12-4a0b-9c5c-0eed015b2524,,S.aureus,108,149,
456,3fad4728-d32a-4bb2-8320-4aed19446f99,1fe22c1f-2dc5-432c-835c-794823d6bd84,1,b2efb655-e45f-42be-827f-6c3cc7a0d4aa,,S.aureus,62,109,
457,3374d7f5-afef-4c56-bb20-cbe17def83d5,3dd05e5f-8008-4edb-9d50-7ba569625279,1,3d3a85dd-b451-4794-b11f-049a937f1827,,S.aureus,100,159,
464,41923cdb-dafb-437c-ae88-d64154b91147,0f0d5b5f-45ed-4dff-9154-ac13dd74950a,1,4e05ccd1-8ee1-4cd3-9f00-2adb97b758a5,,Non-pathogen specific,205,224,
465,8a6e49d9-811a-438f-aee6-c7898041e1b1,0f0d5b5f-45ed-4dff-9154-ac13dd74950a,1,4e05ccd1-8ee1-4cd3-9f00-2adb97b758a5,,S.aureus,22,32,
466,b50c6c97-6005-4009-b9d7-a304b9c3c874,0f0d5b5f-45ed-4dff-9154-ac13dd74950a,1,4e05ccd1-8ee1-4cd3-9f00-2adb97b758a5,,Strept. Uberis,3,3,
467,98d020a6-e481-4917-b84f-b406d973f294,0f0d5b5f-45ed-4dff-9154-ac13dd74950a,1,4e05ccd1-8ee1-4cd3-9f00-2adb97b758a5,,Coagulase-negative staph (CNS),46,47,
468,81b9487f-006f-417e-8074-1f61b20c7b72,0f0d5b5f-45ed-4dff-9154-ac13dd74950a,1,4e05ccd1-8ee1-4cd3-9f00-2adb97b758a5,,Strept. Dysgalactiae,1,1,
474,5c83bcd2-fd85-4cb3-b27e-2f8b34b18424,f042b79d-9e43-43d0-b7db-e26b1b45b3b0,1,ab1d3d9e-7bcc-49a8-a9c0-f882903de8e1,,Non-pathogen specific,147,167,
475,7c4d950f-9147-4c22-a56c-9581ce618cc4,f042b79d-9e43-43d0-b7db-e26b1b45b3b0,1,ab1d3d9e-7bcc-49a8-a9c0-f882903de8e1,,S.aureus,18,21,
476,9c84f6e4-57b1-489a-93c6-112ffb688066,f042b79d-9e43-43d0-b7db-e26b1b45b3b0,1,ab1d3d9e-7bcc-49a8-a9c0-f882903de8e1,,Strept. Uberis,0,0,
477,e98c6c4e-40f1-4bbe-a403-bdc6f663b2c2,f042b79d-9e43-43d0-b7db-e26b1b45b3b0,1,ab1d3d9e-7bcc-49a8-a9c0-f882903de8e1,,Coagulase-negative staph (CNS),32,35,
478,972c7d17-d4ac-4532-ae24-8d15f334dd3c,f042b79d-9e43-43d0-b7db-e26b1b45b3b0,1,ab1d3d9e-7bcc-49a8-a9c0-f882903de8e1,,Strept. Dysgalactiae,1,1,
481,453a86b7-b18f-483e-8d0e-efc4add6ca8e,4aea5931-e8ce-4381-b170-3eca50f0a682,1,47287716-ca68-4d44-a319-81abee53cec9,,Non-pathogen specific,10,15,
482,cbd4140e-a81a-451f-aab1-471be756f656,ec20fb3d-f9b8-4daf-9f68-3788a7774748,1,3ac9996e-6960-4403-aac9-5ff9c91d3456,,Non-pathogen specific,23,27,
483,2a576eae-80b7-4997-a35b-a2baf322d7cc,28a3f618-7318-4573-9270-1c4e2de140ef,1,cbb81fe5-2e02-40a0-a6f0-ce1ec0dfa2a0,,S.aureus,46,54,
484,a28d9db0-7a95-49e8-ada5-0fe7b8d2cbdb,df1ee670-7a2c-4add-ba87-eab8d8799979,1,409c3fa7-ba0a-48d5-b762-57a21670f275,,S.aureus,41,53,
486,5e35bbc9-cf85-4903-89be-ee8b9f83b561,ee2ddbab-ac88-49ce-970f-e71b7784718f,1,fdf127f1-f8a1-4aa1-8b9b-2f5a7e04f1ec,,S.aureus,36,39,
487,c2d14baa-4a8e-47fa-bb23-ddb88d0b79a3,3442f9bd-f250-41a8-8074-73897af68cd6,1,d20225fb-d93e-4be8-9f2a-fd341dc8ac19,,S.aureus,43,59,
488,ca01af08-21b8-4187-a44a-add369652814,3442f9bd-f250-41a8-8074-73897af68cd6,1,d20225fb-d93e-4be8-9f2a-fd341dc8ac19,,Strept. Uberis,12,12,
489,edd66292-0137-4070-8d4f-789694c27f16,3442f9bd-f250-41a8-8074-73897af68cd6,1,d20225fb-d93e-4be8-9f2a-fd341dc8ac19,,Corynebacterium spp. (C.bovis),78,88,
490,a9f50b25-a5fd-4f60-9963-91d3d6b57a5b,d8c95868-d9ed-4ea6-b682-2cc3037ff60a,1,1655b763-8c08-4b1e-92cf-2aa168cfa41e,,S.aureus,46,61,
491,09dec826-f875-4a06-994b-997f676c21e9,d8c95868-d9ed-4ea6-b682-2cc3037ff60a,1,1655b763-8c08-4b1e-92cf-2aa168cfa41e,,Strept. Uberis,12,14,
492,3d0232f9-8caa-489b-9457-ba6fba0ad849,d8c95868-d9ed-4ea6-b682-2cc3037ff60a,1,1655b763-8c08-4b1e-92cf-2aa168cfa41e,,Corynebacterium spp. (C.bovis),81,96,
493,1890fa4d-f6ab-42c5-909c-0a4fe85cc304,1bb0c033-6dab-4655-b941-c84cdd5ccefd,1,e0a57748-9d8f-4208-a183-fdd24362f91d,,S.aureus,67,108,
494,218798a2-e1e6-4f3d-b2e8-4984df9dfaa2,1bb0c033-6dab-4655-b941-c84cdd5ccefd,1,e0a57748-9d8f-4208-a183-fdd24362f91d,,Strept. Agalactiae,11,11,
495,6c4e7a1e-e1c5-4432-afcf-68bd01776c83,1bb0c033-6dab-4655-b941-c84cdd5ccefd,1,e0a57748-9d8f-4208-a183-fdd24362f91d,,Strept. Dysgalactiae,9,9,
496,f118191b-48b9-41a3-96e8-f8358743e672,1bb0c033-6dab-4655-b941-c84cdd5ccefd,1,e0a57748-9d8f-4208-a183-fdd24362f91d,,Strept. Uberis,21,27,
497,02430517-d1ba-4772-be1b-bede8edbfc27,f4a2022a-3e1c-485f-91df-6e7b9a22bf79,1,8bb1f4c0-34b8-4dee-85cd-f4170850732d,,S.aureus,50,78,
498,b4b164a9-18f1-4e76-9acc-815f3c674ca5,f4a2022a-3e1c-485f-91df-6e7b9a22bf79,1,8bb1f4c0-34b8-4dee-85cd-f4170850732d,,Strept. Agalactiae,18,18,
499,92811917-aded-4841-a445-db26a23a24b9,f4a2022a-3e1c-485f-91df-6e7b9a22bf79,1,8bb1f4c0-34b8-4dee-85cd-f4170850732d,,Strept. Dysgalactiae,13,13,
500,49b15b11-758f-4298-8240-bcd86d90050b,f4a2022a-3e1c-485f-91df-6e7b9a22bf79,1,8bb1f4c0-34b8-4dee-85cd-f4170850732d,,Strept. Uberis,21,29,
501,de5fd339-c091-4d70-97ce-1033561d3aed,0d03bbee-f4e2-4bea-8ca8-cb6d1d471cde,1,a7ba11b8-0f84-4208-b8f2-4dfddfb0a201,,S.aureus,41,102,
502,77748a28-e8d0-41c0-a1f1-74c2cd7ce638,0d03bbee-f4e2-4bea-8ca8-cb6d1d471cde,1,a7ba11b8-0f84-4208-b8f2-4dfddfb0a201,,Strept. Agalactiae,24,25,
503,819d8c3e-c72b-418d-a823-8ad7919ba6ca,0d03bbee-f4e2-4bea-8ca8-cb6d1d471cde,1,a7ba11b8-0f84-4208-b8f2-4dfddfb0a201,,Strept. Dysgalactiae,13,13,
504,2d97866e-2ff5-4bfa-ad2c-c90bece2f01d,0d03bbee-f4e2-4bea-8ca8-cb6d1d471cde,1,a7ba11b8-0f84-4208-b8f2-4dfddfb0a201,,Strept. Uberis,18,25,
505,a3d62e0e-5805-40b4-a8a6-e7b9f53433ce,e16fd773-9a25-4f90-8205-8b7ab84e692e,1,1d74eb41-3d2f-4f8c-8a51-b10a0a737ee4,,Non-pathogen specific,34,66,
506,cd38f008-77b4-41de-9b41-84198207ad23,19bc114e-c4b7-48b3-8a25-551a0d4ca85d,1,19e99345-2586-4f12-b828-bd91b10f516d,,Non-pathogen specific,24,67,
507,c5b8f1ca-97c5-4596-aaf4-1fc8bf12ca8b,8d594b38-83f5-45ee-ac88-8d1f096881fc,1,c5703265-d626-4534-af93-5445c22570b6,,Non-pathogen specific,28,67,
508,5b26d0fe-b140-4cb9-be87-36c32558a81b,5c12ef5e-10a2-4277-9cf6-32592425e63e,1,0aed30c5-747c-4630-b6f5-3294f65849f8,,Coagulase-positive staph,1,8,
509,96c30a53-833e-44d5-bcc9-95006cb0e3b0,5c12ef5e-10a2-4277-9cf6-32592425e63e,1,0aed30c5-747c-4630-b6f5-3294f65849f8,,Strept. Uberis,0,0,
510,59a30c73-a871-49a7-acae-064a60c2d475,5c12ef5e-10a2-4277-9cf6-32592425e63e,1,0aed30c5-747c-4630-b6f5-3294f65849f8,,E. coli,0,0,
511,0c8986b8-0dd8-41db-86e1-77128724e93b,5c12ef5e-10a2-4277-9cf6-32592425e63e,1,0aed30c5-747c-4630-b6f5-3294f65849f8,,Strept.spp (no specification),1,3,
512,65776dfa-6204-47d0-b342-f15a068afd5b,5c12ef5e-10a2-4277-9cf6-32592425e63e,1,0aed30c5-747c-4630-b6f5-3294f65849f8,,Enterococcus spp.,6,6,
513,35334aa8-d2d2-4a27-930c-ef038b9ef43c,5c12ef5e-10a2-4277-9cf6-32592425e63e,1,0aed30c5-747c-4630-b6f5-3294f65849f8,,Klebsiella spp.,1,1,
514,a376af69-c4a3-4c92-8136-709839059924,5c12ef5e-10a2-4277-9cf6-32592425e63e,1,0aed30c5-747c-4630-b6f5-3294f65849f8,,Pseudomonas spp.,1,1,
515,211228a1-6997-479a-a2bb-c8162d3b2ac6,5c12ef5e-10a2-4277-9cf6-32592425e63e,1,0aed30c5-747c-4630-b6f5-3294f65849f8,,Acinetobacter spp.,2,2,
524,c15a5b4f-73b4-4305-b76d-2dac9ccae247,5c12ef5e-10a2-4277-9cf6-32592425e63e,1,0aed30c5-747c-4630-b6f5-3294f65849f8,,Aspergillus spp.,1,1,
525,76047e9c-6d9f-4eb4-ae34-0d7a29c9a764,5c12ef5e-10a2-4277-9cf6-32592425e63e,1,0aed30c5-747c-4630-b6f5-3294f65849f8,,Yeast,1,1,
526,81a400d3-dc21-4a82-8558-ee1a3f47737a,5c12ef5e-10a2-4277-9cf6-32592425e63e,1,0aed30c5-747c-4630-b6f5-3294f65849f8,,Bacillus spp.,5,5,
527,2651d3ee-49ad-496b-828d-e0b81d805e33,5c12ef5e-10a2-4277-9cf6-32592425e63e,1,0aed30c5-747c-4630-b6f5-3294f65849f8,,Major Pathogens,17,27,
528,98093650-2a36-4561-9198-747b12f627bc,5c12ef5e-10a2-4277-9cf6-32592425e63e,1,0aed30c5-747c-4630-b6f5-3294f65849f8,,Micrococci,8,8,
529,4a14d2fb-e1a8-45ee-9cee-5238917298fb,5c12ef5e-10a2-4277-9cf6-32592425e63e,1,0aed30c5-747c-4630-b6f5-3294f65849f8,,Coagulase-negative staph (CNS),54,79,
530,98594306-8bc9-4cf1-9545-eaf8d58d0e5f,5c12ef5e-10a2-4277-9cf6-32592425e63e,1,0aed30c5-747c-4630-b6f5-3294f65849f8,,Corynebacterium spp. (C.bovis),135,237,
531,db28e3d8-66e3-4b18-969b-c20911548bf4,5c12ef5e-10a2-4277-9cf6-32592425e63e,1,0aed30c5-747c-4630-b6f5-3294f65849f8,,Minor Pathogens,183,310,
532,23bda8a8-8447-4099-a9f6-8c651e14757f,9986e478-64b4-46c2-992f-b3b127ec0730,1,aabe3a01-af20-421d-abfc-fc075206866e,,Coagulase-positive staph,5,13,
533,619d9b94-8db1-4cad-ad4d-a96cd52ac1c3,9986e478-64b4-46c2-992f-b3b127ec0730,1,aabe3a01-af20-421d-abfc-fc075206866e,,Strept. Uberis,2,2,
534,35016cbe-9cf8-4d33-8529-82b21ca2d923,9986e478-64b4-46c2-992f-b3b127ec0730,1,aabe3a01-af20-421d-abfc-fc075206866e,,E. coli,3,3,
535,594f64b5-d1cd-455e-8c41-4c3a474c0c8f,9986e478-64b4-46c2-992f-b3b127ec0730,1,aabe3a01-af20-421d-abfc-fc075206866e,,Strept.spp (no specification),0,2,
536,73a629c2-7b3c-49f8-92fd-c16ae546f427,9986e478-64b4-46c2-992f-b3b127ec0730,1,aabe3a01-af20-421d-abfc-fc075206866e,,Enterococcus spp.,4,6,
537,f14bbfd2-e75a-4288-8ad6-7d1714238971,9986e478-64b4-46c2-992f-b3b127ec0730,1,aabe3a01-af20-421d-abfc-fc075206866e,,Klebsiella spp.,0,0,
538,632845c2-4295-4ba9-90aa-2b675e77a12c,9986e478-64b4-46c2-992f-b3b127ec0730,1,aabe3a01-af20-421d-abfc-fc075206866e,,Pseudomonas spp.,0,0,
539,f07b0141-b248-49d1-8b0b-c6987b2aab86,9986e478-64b4-46c2-992f-b3b127ec0730,1,aabe3a01-af20-421d-abfc-fc075206866e,,Acinetobacter spp.,1,1,
540,2b4da72a-f797-4f51-a09f-f3ab11cc90bb,9986e478-64b4-46c2-992f-b3b127ec0730,1,aabe3a01-af20-421d-abfc-fc075206866e,,Aspergillus spp.,1,1,
541,32b896fa-ea05-40c8-9eda-86e2fdfcb6aa,9986e478-64b4-46c2-992f-b3b127ec0730,1,aabe3a01-af20-421d-abfc-fc075206866e,,Yeast,1,1,
542,f992b117-dd7b-4859-8e8e-fc0c26b73a71,9986e478-64b4-46c2-992f-b3b127ec0730,1,aabe3a01-af20-421d-abfc-fc075206866e,,Bacillus spp.,3,3,
543,15be5f25-5bc0-4e5e-a38e-990807658b84,9986e478-64b4-46c2-992f-b3b127ec0730,1,aabe3a01-af20-421d-abfc-fc075206866e,,Major Pathogens,23,33,
544,916f51a1-7f83-45c6-aaa5-6a97be46ebfe,9986e478-64b4-46c2-992f-b3b127ec0730,1,aabe3a01-af20-421d-abfc-fc075206866e,,Micrococci,12,12,
545,fe0e03ad-c64b-4366-998b-60a83f1d5149,9986e478-64b4-46c2-992f-b3b127ec0730,1,aabe3a01-af20-421d-abfc-fc075206866e,,Coagulase-negative staph (CNS),76,118,
546,420680b2-525c-4331-946a-d9e95d65dd49,9986e478-64b4-46c2-992f-b3b127ec0730,1,aabe3a01-af20-421d-abfc-fc075206866e,,Corynebacterium spp. (C.bovis),205,219,
547,370416ee-9dc1-4156-aa9a-92fad5603ba3,9986e478-64b4-46c2-992f-b3b127ec0730,1,aabe3a01-af20-421d-abfc-fc075206866e,,Minor Pathogens,279,335,
552,99c54dee-54c4-4ff7-a9bb-ac2284a8c810,c57069e2-2398-4642-b580-a29995b4525b,1,482834cc-e769-4648-a4b2-d619b09ba48f,,S.aureus,20,25,
553,9730de73-cdce-4068-833b-b31cd4e2fe9a,c57069e2-2398-4642-b580-a29995b4525b,1,482834cc-e769-4648-a4b2-d619b09ba48f,,Coagulase-negative staph (CNS),35,40,
554,d1e2406a-a06d-43eb-934a-071885b933e2,c57069e2-2398-4642-b580-a29995b4525b,1,482834cc-e769-4648-a4b2-d619b09ba48f,,Corynebacterium spp. (C.bovis),30,75,
555,7bd78208-c6a5-48b9-bf12-a2418f79c7a2,c57069e2-2398-4642-b580-a29995b4525b,1,482834cc-e769-4648-a4b2-d619b09ba48f,,Strept. Agalactiae,0,15,
556,5d1e2b3e-b0cb-4fe5-aefb-5a4be71eee80,769d7147-621a-4542-b960-dab6e6bb95fb,1,2b3c4e84-5079-4a05-aaf3-67987c0f4fdc,,S.aureus,0,5,
557,3f8a3464-5894-48f0-85fd-93d87c7a94c7,769d7147-621a-4542-b960-dab6e6bb95fb,1,2b3c4e84-5079-4a05-aaf3-67987c0f4fdc,,Coagulase-negative staph (CNS),35,35,
558,433b5eed-67af-4921-a6e5-8af8aaf4c2f4,769d7147-621a-4542-b960-dab6e6bb95fb,1,2b3c4e84-5079-4a05-aaf3-67987c0f4fdc,,Corynebacterium spp. (C.bovis),75,105,
559,b906653b-823d-47cc-b9ef-7ea9837bacc2,769d7147-621a-4542-b960-dab6e6bb95fb,1,2b3c4e84-5079-4a05-aaf3-67987c0f4fdc,,Strept. Agalactiae,15,15,
562,b374f9eb-25ad-4cb0-a44f-d7f1f9b5a47a,286a95f4-a910-47ff-b6e1-84fd8272012a,1,c592ef14-0693-4081-8913-a0ff1c893771,,S.aureus,39,53,
563,7a0ba6ad-60ab-4ae5-99c4-45074e0e8c79,b0329fec-885f-42ee-97ca-b011e2e81ce3,1,c57fc297-f97e-4a11-99fc-12eaf80f9220,,S.aureus,36,68,
565,4d5c9e8b-81b2-49cd-a740-de5321b10002,a3e3ac53-ebb7-440b-8fed-ec25911dfdba,1,2c62ae77-25b1-4f10-9b5b-37f0dad464df,,Non-pathogen specific,19,24,
567,6e4369fa-f417-43b6-aef6-2d7251bf4dcc,06e52f6e-9969-4f6f-80ae-4759e4c168bb,1,d1587434-5316-4bff-8cb1-3f3d4e1e5a6e,,Non-pathogen specific,24,28,
568,2219988d-746b-4c72-864e-2cd98c1c231d,b624f86a-1393-41d6-9834-f142efa44b10,1,be932f1e-2f8e-4b1d-becf-54d6eeb52569,,Non-pathogen specific,21,29,
569,dfb4454c-66ee-43ee-895b-2ca9a03596fb,896ea495-28b5-4a40-80b4-ece8bf02b222,1,e1f1b182-a6a5-4dc1-bf2b-260706774702,,Non-pathogen specific,24,32,
570,ed290bff-484b-4640-af3f-138a5cd10310,395e452b-20c2-4dd0-8d3f-95ffb1545150,1,f74fa2f9-1f2e-46b0-85aa-dd50103d072d,,Non-pathogen specific,31,33,
572,becc358d-fcc4-448a-ac37-aee6784de310,d5787654-d714-4dd1-ac33-31eb776801a9,1,c7029641-d5e3-45a4-9f78-90d3eedf82c7,,Non-pathogen specific,43,47,
576,eac75bbf-55fc-4aff-b87d-0edffc639704,43943695-fa92-4e38-b186-5c6aa82314f9,1,47c06b9a-6342-469b-92ea-376ea13833b4,,Strept. Agalactiae,10,10,
577,0c00592e-8265-4b43-938a-4cc2948049c9,43943695-fa92-4e38-b186-5c6aa82314f9,1,47c06b9a-6342-469b-92ea-376ea13833b4,,Strept.spp (no specification),6,7,
578,94107fab-b0fc-4e03-bedf-cfdd87d47e06,43943695-fa92-4e38-b186-5c6aa82314f9,1,47c06b9a-6342-469b-92ea-376ea13833b4,,S.aureus,5,10,
582,c74bcd26-4291-4f48-8d57-ba944ed1033f,d09e9de9-6df7-4c77-ac96-2e360f8dd95c,1,fcec5b50-077f-4664-ab10-77c003dffb6b,,Strept. Agalactiae,17,17,
583,568b28d4-77cb-40bc-be96-1cc680b7e5f2,d09e9de9-6df7-4c77-ac96-2e360f8dd95c,1,fcec5b50-077f-4664-ab10-77c003dffb6b,,Strept.spp (no specification),3,3,
584,6050f396-082d-45d7-80bd-855b1968becf,d09e9de9-6df7-4c77-ac96-2e360f8dd95c,1,fcec5b50-077f-4664-ab10-77c003dffb6b,,S.aureus,6,8,
585,8b816eed-b57f-4687-ac54-61dd2cf4d298,26be4109-f67f-46d1-ab72-aba142038a2f,1,813ad76b-579f-4fff-8c5f-28137603d107,,Strept. Agalactiae,12,12,
586,11885ae4-54e1-4f25-9856-7de569b3bb95,26be4109-f67f-46d1-ab72-aba142038a2f,1,813ad76b-579f-4fff-8c5f-28137603d107,,Strept.spp (no specification),2,2,
587,49d2fdb4-7784-443e-956c-3c13f636caa5,26be4109-f67f-46d1-ab72-aba142038a2f,1,813ad76b-579f-4fff-8c5f-28137603d107,,S.aureus,5,6,
588,3e9dd194-da4a-402b-b292-a61412d9a822,a3fc434e-22bd-430c-a467-d5fbdefdc0f3,1,da9e71db-c485-4696-a864-b5d7030fd64d,,Strept. Agalactiae,5,8,
589,5ce61412-787e-443b-b979-941f7937241e,a3fc434e-22bd-430c-a467-d5fbdefdc0f3,1,da9e71db-c485-4696-a864-b5d7030fd64d,,Strept.spp (no specification),6,6,
590,3cb68385-920c-4fab-b914-310fc47c6943,a3fc434e-22bd-430c-a467-d5fbdefdc0f3,1,da9e71db-c485-4696-a864-b5d7030fd64d,,S.aureus,13,14,
591,f4304b1f-668b-49ed-998d-79120b0d2069,65ddd9ee-3a0d-44c2-a9b3-09850f44521b,1,f05c8121-6f92-4719-953f-78cab68ca7f6,,Strept. Agalactiae,5,5,
592,e1afd444-3bb4-4f5f-b051-8a3a25f3124c,65ddd9ee-3a0d-44c2-a9b3-09850f44521b,1,f05c8121-6f92-4719-953f-78cab68ca7f6,,Strept.spp (no specification),2,2,
593,5fe3a0ce-65b9-4837-a29b-7a6440708e22,65ddd9ee-3a0d-44c2-a9b3-09850f44521b,1,f05c8121-6f92-4719-953f-78cab68ca7f6,,S.aureus,5,6,
594,fbc5670b-00f0-40f9-a7c9-8226afe403c0,11b63a64-ce89-4374-8fc4-a1e8eebdb693,1,da060386-a845-4788-9aa6-1d889ae88455,,Strept. Agalactiae,10,10,
595,a14d0173-4655-4cfe-9bf4-e1079c68f52e,11b63a64-ce89-4374-8fc4-a1e8eebdb693,1,da060386-a845-4788-9aa6-1d889ae88455,,Strept.spp (no specification),5,6,
596,a1649c1a-9928-4e25-9c94-cc30945f86d8,11b63a64-ce89-4374-8fc4-a1e8eebdb693,1,da060386-a845-4788-9aa6-1d889ae88455,,S.aureus,3,4,
597,79230c56-7e27-46c5-be0e-6099271d6d3e,c20cbf5e-ffde-4279-970b-33aa65632a0d,1,bc0b11e7-dc52-49d7-964d-04c254b6c48f,,Strept. Agalactiae,8,8,
598,8f471005-39bb-4429-88c6-7688e64d30b0,c20cbf5e-ffde-4279-970b-33aa65632a0d,1,bc0b11e7-dc52-49d7-964d-04c254b6c48f,,Strept.spp (no specification),4,5,
599,f1761115-0971-4fa6-b85a-ff57cf4f4772,c20cbf5e-ffde-4279-970b-33aa65632a0d,1,bc0b11e7-dc52-49d7-964d-04c254b6c48f,,S.aureus,1,3,
606,fef40b17-3438-4396-a67b-8b46fa63052c,b7cad0f7-0d83-4071-a9f1-12fc8eba00d1,1,51750ad0-7cff-43dc-aa24-d232981b9d85,,Strept. Agalactiae,13,14,
607,07a87f5e-4cf3-4b30-b1e7-cbd6634af329,b7cad0f7-0d83-4071-a9f1-12fc8eba00d1,1,51750ad0-7cff-43dc-aa24-d232981b9d85,,Strept.spp (no specification),6,6,
608,8ef044e9-4dcc-4f31-af35-76b5c3be183c,b7cad0f7-0d83-4071-a9f1-12fc8eba00d1,1,51750ad0-7cff-43dc-aa24-d232981b9d85,,S.aureus,8,8,
609,d9ea4933-53bb-4b02-8a1a-73fff1c7a055,60ce7844-0174-43ac-92ad-7a27b62f674c,1,55b0d708-e716-4f23-b5a6-bbefa465061b,,Strept. Agalactiae,1,4,
610,dc85d242-f79e-4380-a66a-abffe3f344e1,60ce7844-0174-43ac-92ad-7a27b62f674c,1,55b0d708-e716-4f23-b5a6-bbefa465061b,,Strept.spp (no specification),8,9,
611,bac4d21d-1a02-47d1-8283-0645f0e85672,60ce7844-0174-43ac-92ad-7a27b62f674c,1,55b0d708-e716-4f23-b5a6-bbefa465061b,,S.aureus,3,6,
612,c2bd6bb8-453f-4fba-8464-5f986c5afb1e,9cd74841-d2d5-4a67-b743-66e16f8f4c52,1,7405373b-9f9e-41f2-9118-4202b23113ef,,S.aureus,31,37,
613,1a17962d-548e-4678-add5-6ac965b740bf,9cd74841-d2d5-4a67-b743-66e16f8f4c52,1,7405373b-9f9e-41f2-9118-4202b23113ef,,Strept. Uberis,30,30,
614,d88d535e-499b-496e-977a-1958eddafa88,9cd74841-d2d5-4a67-b743-66e16f8f4c52,1,7405373b-9f9e-41f2-9118-4202b23113ef,,Strept. Agalactiae,200,215,
615,37d06833-0c5b-48b1-8431-6144bafef375,87959f52-ed5d-4fc7-a160-f6a8bc51881e,1,929e2d2e-4d8c-483b-b67e-1d8dd4d8f617,,S.aureus,23,27,
616,1ae45af2-0fbb-46e6-8f90-806e8dc02cd6,87959f52-ed5d-4fc7-a160-f6a8bc51881e,1,929e2d2e-4d8c-483b-b67e-1d8dd4d8f617,,Strept. Uberis,28,36,
617,8ea37c93-4ad1-47a4-b9fa-958e08dfa0c6,87959f52-ed5d-4fc7-a160-f6a8bc51881e,1,929e2d2e-4d8c-483b-b67e-1d8dd4d8f617,,Strept. Agalactiae,39,42,
618,b53771ed-3678-4503-b745-948833737a17,ebe7eb57-cfe5-45a5-81f4-6017e073b2b9,1,b51d0942-3989-453e-a322-8a00d5c32bb4,,S.aureus,12,39,
619,d06bfda0-623d-4451-b171-526b024732f2,ebe7eb57-cfe5-45a5-81f4-6017e073b2b9,1,b51d0942-3989-453e-a322-8a00d5c32bb4,,Strept. Uberis,4,8,
620,07dd0874-a5ca-4d76-8e29-e143e18df725,ebe7eb57-cfe5-45a5-81f4-6017e073b2b9,1,b51d0942-3989-453e-a322-8a00d5c32bb4,,Strept. Agalactiae,4,14,
621,0d4d4376-bfde-4a78-b8b1-fd648025cfab,3bc69ff4-43c4-40e9-b2e5-cb2404355c09,1,8e01d8bf-463e-4733-8178-22e3c469840a,,Non-pathogen specific,301,326,
622,664d7d2d-acc7-479f-8820-fee856e1d24b,257462d3-2ac6-4532-ab72-a31faa01b2ac,1,a16a3d51-e330-4545-92fa-626247c1fe82,,Non-pathogen specific,289,325,
623,452fd91e-f884-43a3-8f1f-65d017e0c281,cf41baa5-6238-4670-a6af-39a5c6c2c1aa,1,52cd3683-6f69-4ffd-8faa-2b0d1b55c5ae,,Corynebacterium spp. (C.bovis),10,21,
624,15535a31-772d-4ca9-8bf6-7a20fe527eb2,cf41baa5-6238-4670-a6af-39a5c6c2c1aa,1,52cd3683-6f69-4ffd-8faa-2b0d1b55c5ae,,Coagulase-negative staph (CNS),16,22,
625,a3f7268c-e8a2-4293-b149-aefc655a5d46,cf41baa5-6238-4670-a6af-39a5c6c2c1aa,1,52cd3683-6f69-4ffd-8faa-2b0d1b55c5ae,,Strept.spp (no specification),0,0,
626,66c998f1-f4f8-4965-b928-da9375e6e37f,cf41baa5-6238-4670-a6af-39a5c6c2c1aa,1,52cd3683-6f69-4ffd-8faa-2b0d1b55c5ae,,S.aureus,1,2,
627,5063492d-9293-49a7-ad65-37f387b8a6de,cf41baa5-6238-4670-a6af-39a5c6c2c1aa,1,52cd3683-6f69-4ffd-8faa-2b0d1b55c5ae,,Non-pathogen specific,1,1,
628,09903785-c9f2-4836-bbc9-e39840210902,a64aea93-983b-47cf-8478-299d3d47e9df,1,43a9a9b1-8943-42a0-9d62-55ee4fcc1e77,,Corynebacterium spp. (C.bovis),17,17,
629,489ef28b-a84d-47d2-9f0f-0496d52723d8,a64aea93-983b-47cf-8478-299d3d47e9df,1,43a9a9b1-8943-42a0-9d62-55ee4fcc1e77,,Coagulase-negative staph (CNS),19,22,
630,52bfcc37-7bec-445e-bb27-15ad5d473ed8,a64aea93-983b-47cf-8478-299d3d47e9df,1,43a9a9b1-8943-42a0-9d62-55ee4fcc1e77,,Strept.spp (no specification),3,3,
631,86dbdc64-2830-401a-9e60-9713669e674e,a64aea93-983b-47cf-8478-299d3d47e9df,1,43a9a9b1-8943-42a0-9d62-55ee4fcc1e77,,S.aureus,2,2,
632,ff30a317-1ba9-4108-a8e0-bab568c9b688,a64aea93-983b-47cf-8478-299d3d47e9df,1,43a9a9b1-8943-42a0-9d62-55ee4fcc1e77,,Non-pathogen specific,1,1,
633,35a16490-1667-409e-8068-651e9295ec05,4cd1cc4e-c8af-445f-9e06-e3fbbcd360b8,1,ad5a2f85-37f3-45cc-98c0-1dcf6239efb2,,Corynebacterium spp. (C.bovis),23,23,
634,d4fe794f-0367-4a1f-be0a-a43927bce323,4cd1cc4e-c8af-445f-9e06-e3fbbcd360b8,1,ad5a2f85-37f3-45cc-98c0-1dcf6239efb2,,Coagulase-negative staph (CNS),12,15,
635,a0a617bb-4cfc-47ed-9459-ec1cee97ac0a,4cd1cc4e-c8af-445f-9e06-e3fbbcd360b8,1,ad5a2f85-37f3-45cc-98c0-1dcf6239efb2,,Strept.spp (no specification),1,1,
636,360d4473-fc98-4e23-ab39-86a483619763,4cd1cc4e-c8af-445f-9e06-e3fbbcd360b8,1,ad5a2f85-37f3-45cc-98c0-1dcf6239efb2,,S.aureus,0,0,
637,7ebc3ad1-ad57-4ca8-8c68-9f4f3785a154,4cd1cc4e-c8af-445f-9e06-e3fbbcd360b8,1,ad5a2f85-37f3-45cc-98c0-1dcf6239efb2,,Non-pathogen specific,3,3,
638,acce73c6-ab8a-42ea-9706-96d4a69388d7,02adba1e-8d39-40c3-9797-7dddcb30a672,1,29e9c418-6b2e-4a55-b036-6ab77e2ecfc4,,Corynebacterium spp. (C.bovis),16,17,
639,67a16ba1-aade-4add-b58f-d1b89d0f9226,02adba1e-8d39-40c3-9797-7dddcb30a672,1,29e9c418-6b2e-4a55-b036-6ab77e2ecfc4,,Coagulase-negative staph (CNS),17,17,
640,f02cae64-f621-4ce1-adcd-e49d6155871e,02adba1e-8d39-40c3-9797-7dddcb30a672,1,29e9c418-6b2e-4a55-b036-6ab77e2ecfc4,,Strept.spp (no specification),0,0,
641,cf0ce188-e681-4fa7-95d6-50d7aa1749a9,02adba1e-8d39-40c3-9797-7dddcb30a672,1,29e9c418-6b2e-4a55-b036-6ab77e2ecfc4,,S.aureus,0,0,
642,5ed3d417-23d9-41e1-a000-2ac08ca51bd7,02adba1e-8d39-40c3-9797-7dddcb30a672,1,29e9c418-6b2e-4a55-b036-6ab77e2ecfc4,,Non-pathogen specific,0,0,
643,8f20ed52-03ec-4481-bc8f-4fe0e6bf7be0,bcd3cd06-ebd5-4501-adee-ed51922ac783,1,0fe55ccf-7a6c-4c27-a729-85161df35976,,Strept. Agalactiae,26,63,
644,411a0e12-b8df-4735-80d1-0157001a0f93,bcd3cd06-ebd5-4501-adee-ed51922ac783,1,0fe55ccf-7a6c-4c27-a729-85161df35976,,S.aureus,6,25,
645,c0f8439a-19e1-4c15-b7d2-fef30464eb1e,bcd3cd06-ebd5-4501-adee-ed51922ac783,1,0fe55ccf-7a6c-4c27-a729-85161df35976,,Strept.spp (no specification),6,14,
646,24ccebdb-1ec7-4f6d-ac6d-5131f96d3001,bcd3cd06-ebd5-4501-adee-ed51922ac783,1,0fe55ccf-7a6c-4c27-a729-85161df35976,,Coliforms,0,1,
647,60153944-f8b2-4c35-a1ef-2357d418ec30,c6f33707-b305-4e9d-8d2c-c9ec3e740102,1,7367d885-d674-4722-ac7c-bd37da66d83e,,Strept. Agalactiae,53,53,
648,c36e72d3-cb77-407c-a15f-591ffc142d3f,c6f33707-b305-4e9d-8d2c-c9ec3e740102,1,7367d885-d674-4722-ac7c-bd37da66d83e,,S.aureus,22,23,
649,8a5f52c2-04b8-4667-8252-932bb2a24ca2,c6f33707-b305-4e9d-8d2c-c9ec3e740102,1,7367d885-d674-4722-ac7c-bd37da66d83e,,Strept.spp (no specification),16,20,
650,97d4ccae-5acc-45cb-9e3e-fae2074a3a94,c6f33707-b305-4e9d-8d2c-c9ec3e740102,1,7367d885-d674-4722-ac7c-bd37da66d83e,,Coliforms,0,1,
651,eb9fcf23-31a3-47b7-bbd6-1867e2cb6609,5583ba0d-bc18-46eb-a503-8f4df615cb58,1,45aaebf0-d041-42b7-b78c-cc5d9ed52e02,,Non-pathogen specific,216,243,
652,67bfc1d7-c5b7-4206-b437-a5988c082aa1,5583ba0d-bc18-46eb-a503-8f4df615cb58,1,45aaebf0-d041-42b7-b78c-cc5d9ed52e02,,Aerococcus spp.,28,30,
653,b13356d9-cf89-48ab-942c-ba931cafdc79,5583ba0d-bc18-46eb-a503-8f4df615cb58,1,45aaebf0-d041-42b7-b78c-cc5d9ed52e02,,Bacillus spp.,18,19,
654,ae7f5c2a-0443-4943-bedb-287d56162051,5583ba0d-bc18-46eb-a503-8f4df615cb58,1,45aaebf0-d041-42b7-b78c-cc5d9ed52e02,,Coagulase-negative staph (CNS),125,153,
655,c5b55610-4a54-4cc4-a422-33dc9a4e77ad,5583ba0d-bc18-46eb-a503-8f4df615cb58,1,45aaebf0-d041-42b7-b78c-cc5d9ed52e02,,Corynebacterium spp. (C.bovis),13,13,
656,b8b57068-1140-4103-b24a-6eb05c88899e,5583ba0d-bc18-46eb-a503-8f4df615cb58,1,45aaebf0-d041-42b7-b78c-cc5d9ed52e02,,Enterococcus spp.,4,4,
658,90b6c91a-de5f-40a2-ad66-e5023ea1dd27,5583ba0d-bc18-46eb-a503-8f4df615cb58,1,45aaebf0-d041-42b7-b78c-cc5d9ed52e02,,Gram+Ve,1,1,
659,b8dfafaf-ee6a-4000-b3d0-8a21188a3719,5583ba0d-bc18-46eb-a503-8f4df615cb58,1,45aaebf0-d041-42b7-b78c-cc5d9ed52e02,,Strept.spp (no specification),16,16,
660,db0401bb-149f-468e-9c88-b4bd93575e49,5583ba0d-bc18-46eb-a503-8f4df615cb58,1,45aaebf0-d041-42b7-b78c-cc5d9ed52e02,,S.aureus,4,5,
661,4451e0b7-6813-4b9f-833c-752c48be52d5,5583ba0d-bc18-46eb-a503-8f4df615cb58,1,45aaebf0-d041-42b7-b78c-cc5d9ed52e02,,Strept. Dysgalactiae,0,0,
662,964fbed1-e313-49eb-830e-11799b521abc,5583ba0d-bc18-46eb-a503-8f4df615cb58,1,45aaebf0-d041-42b7-b78c-cc5d9ed52e02,,Strept. Uberis,1,1,
663,3f42419f-e44b-429f-8d95-abcc462c1ff1,5583ba0d-bc18-46eb-a503-8f4df615cb58,1,45aaebf0-d041-42b7-b78c-cc5d9ed52e02,,E. coli,2,2,
664,2d55a084-ae34-4b19-9c11-bef1bd49a0c6,5583ba0d-bc18-46eb-a503-8f4df615cb58,1,45aaebf0-d041-42b7-b78c-cc5d9ed52e02,,Enterobacter spp,1,1,
665,734c6ffd-bf8e-44d4-9636-7b08bb49cad9,5583ba0d-bc18-46eb-a503-8f4df615cb58,1,45aaebf0-d041-42b7-b78c-cc5d9ed52e02,,Klebsiella spp.,5,5,
666,926b2a4a-01c4-4e05-bd9b-9b260d58b5ba,5583ba0d-bc18-46eb-a503-8f4df615cb58,1,45aaebf0-d041-42b7-b78c-cc5d9ed52e02,,Gram-Ve,7,7,
667,9201d9fb-1dda-40e3-896f-ef0407c4dce6,5583ba0d-bc18-46eb-a503-8f4df615cb58,1,45aaebf0-d041-42b7-b78c-cc5d9ed52e02,,Serratia marcescens,2,2,
668,71903a3c-6385-4e90-b910-15c23beb6896,5583ba0d-bc18-46eb-a503-8f4df615cb58,1,45aaebf0-d041-42b7-b78c-cc5d9ed52e02,,Others,2,2,
669,203cff60-e988-4ab5-bfbc-272c5c0d9e81,53d88060-adb1-4561-a0d4-f813d518e559,1,0830f860-0b07-46c7-8d5b-50021eeab6c9,,Non-pathogen specific,191,217,
670,88b22fb3-1d63-45eb-ab94-d388ec65921f,53d88060-adb1-4561-a0d4-f813d518e559,1,0830f860-0b07-46c7-8d5b-50021eeab6c9,,Aerococcus spp.,32,36,
671,087efd52-57d5-4789-956d-cc2bdaacbc25,53d88060-adb1-4561-a0d4-f813d518e559,1,0830f860-0b07-46c7-8d5b-50021eeab6c9,,Bacillus spp.,20,23,
672,a8b1212c-7027-4008-b4ba-ba01ad7f114e,53d88060-adb1-4561-a0d4-f813d518e559,1,0830f860-0b07-46c7-8d5b-50021eeab6c9,,Coagulase-negative staph (CNS),91,111,
673,23b520d1-d6a4-4711-9553-8bca1b7889ce,53d88060-adb1-4561-a0d4-f813d518e559,1,0830f860-0b07-46c7-8d5b-50021eeab6c9,,Corynebacterium spp. (C.bovis),18,18,
674,ab3b79cc-9b97-419c-b904-e5fe26667753,53d88060-adb1-4561-a0d4-f813d518e559,1,0830f860-0b07-46c7-8d5b-50021eeab6c9,,Enterococcus spp.,8,8,
675,f8824910-0b23-4d31-9bae-7fe84526dda5,53d88060-adb1-4561-a0d4-f813d518e559,1,0830f860-0b07-46c7-8d5b-50021eeab6c9,,Gram+Ve,4,4,
676,0f23d057-fa59-43c5-b9d0-996ed8b02e38,53d88060-adb1-4561-a0d4-f813d518e559,1,0830f860-0b07-46c7-8d5b-50021eeab6c9,,Strept.spp (no specification),16,19,
677,854b97ab-e59d-4d8b-ab49-01436264b0f1,53d88060-adb1-4561-a0d4-f813d518e559,1,0830f860-0b07-46c7-8d5b-50021eeab6c9,,S.aureus,3,7,
678,9552a0a9-ceda-4459-a48f-ba8e0660f80d,53d88060-adb1-4561-a0d4-f813d518e559,1,0830f860-0b07-46c7-8d5b-50021eeab6c9,,Strept. Dysgalactiae,3,5,
679,6c2a2d42-cebb-47b8-be4f-f09146ad7ae3,53d88060-adb1-4561-a0d4-f813d518e559,1,0830f860-0b07-46c7-8d5b-50021eeab6c9,,Strept. Uberis,0,0,
680,240656d5-a8ec-44e3-9346-b3557ac3c3f1,53d88060-adb1-4561-a0d4-f813d518e559,1,0830f860-0b07-46c7-8d5b-50021eeab6c9,,E. coli,1,1,
681,380be1bd-2eea-4a98-af17-ff9ca3cbb7ed,53d88060-adb1-4561-a0d4-f813d518e559,1,0830f860-0b07-46c7-8d5b-50021eeab6c9,,Enterobacter spp,0,0,
682,358e87ba-071c-4d30-b790-9bf643e633ba,53d88060-adb1-4561-a0d4-f813d518e559,1,0830f860-0b07-46c7-8d5b-50021eeab6c9,,Klebsiella spp.,0,0,
683,a9ffbe01-0a3c-4dea-a156-03945b7496f5,53d88060-adb1-4561-a0d4-f813d518e559,1,0830f860-0b07-46c7-8d5b-50021eeab6c9,,Gram-Ve,5,5,
684,450a8342-b823-4bb0-8e45-8e18b5414343,53d88060-adb1-4561-a0d4-f813d518e559,1,0830f860-0b07-46c7-8d5b-50021eeab6c9,,Serratia marcescens,1,3,
685,d91382db-c340-4999-beed-ecb0465260c3,53d88060-adb1-4561-a0d4-f813d518e559,1,0830f860-0b07-46c7-8d5b-50021eeab6c9,,Others,1,1,
686,c4c397f5-3041-4bcd-bd8a-ae4545ab31fb,7024b119-0243-487d-a91b-eca05310f9eb,1,886f84f3-f52d-4589-a9b3-f29a2899a957,,Non-pathogen specific,252,281,
687,deb872ad-39d3-4773-a965-0644ad7faa93,7024b119-0243-487d-a91b-eca05310f9eb,1,886f84f3-f52d-4589-a9b3-f29a2899a957,,Aerococcus spp.,38,39,
688,7e7a210e-0b35-43c9-8350-5ab04babdb28,7024b119-0243-487d-a91b-eca05310f9eb,1,886f84f3-f52d-4589-a9b3-f29a2899a957,,Bacillus spp.,15,17,
689,eb34deb0-41e6-425c-99f8-af06ac572896,7024b119-0243-487d-a91b-eca05310f9eb,1,886f84f3-f52d-4589-a9b3-f29a2899a957,,Coagulase-negative staph (CNS),142,168,
690,d5f3d9d4-f16e-4659-9f4b-51de98465afd,7024b119-0243-487d-a91b-eca05310f9eb,1,886f84f3-f52d-4589-a9b3-f29a2899a957,,Corynebacterium spp. (C.bovis),24,24,
691,2827f1d5-0308-4cb1-965c-ba2feace90e8,7024b119-0243-487d-a91b-eca05310f9eb,1,886f84f3-f52d-4589-a9b3-f29a2899a957,,Enterococcus spp.,5,5,
692,f4b1c78d-82cb-4bb3-b97e-a75647155408,7024b119-0243-487d-a91b-eca05310f9eb,1,886f84f3-f52d-4589-a9b3-f29a2899a957,,Gram+Ve,3,3,
693,68760858-75db-4df3-be85-5b95f3fd34d8,7024b119-0243-487d-a91b-eca05310f9eb,1,886f84f3-f52d-4589-a9b3-f29a2899a957,,Strept.spp (no specification),17,22,
694,27d489df-d6b2-487e-89b0-964025ecd5d1,7024b119-0243-487d-a91b-eca05310f9eb,1,886f84f3-f52d-4589-a9b3-f29a2899a957,,S.aureus,8,9,
695,d88e7b29-a60a-40a6-bb68-c85bc68bef09,7024b119-0243-487d-a91b-eca05310f9eb,1,886f84f3-f52d-4589-a9b3-f29a2899a957,,Strept. Dysgalactiae,3,4,
696,75850a34-58ff-4e27-a117-5a9f9bead944,7024b119-0243-487d-a91b-eca05310f9eb,1,886f84f3-f52d-4589-a9b3-f29a2899a957,,Strept. Uberis,2,2,
697,1392bdd0-0480-4e5b-83ed-143c963d7d65,7024b119-0243-487d-a91b-eca05310f9eb,1,886f84f3-f52d-4589-a9b3-f29a2899a957,,E. coli,1,1,
698,357940de-8d79-480e-9ad1-dc6c856d6248,7024b119-0243-487d-a91b-eca05310f9eb,1,886f84f3-f52d-4589-a9b3-f29a2899a957,,Enterobacter spp,4,4,
699,0b2d2c42-835c-40a8-b7ba-b6d7393e211d,7024b119-0243-487d-a91b-eca05310f9eb,1,886f84f3-f52d-4589-a9b3-f29a2899a957,,Klebsiella spp.,4,5,
700,6240a12e-6f53-483b-9ced-5030b82a12c9,7024b119-0243-487d-a91b-eca05310f9eb,1,886f84f3-f52d-4589-a9b3-f29a2899a957,,Gram-Ve,2,3,
701,df61977f-3b32-4611-992c-b608158442ff,7024b119-0243-487d-a91b-eca05310f9eb,1,886f84f3-f52d-4589-a9b3-f29a2899a957,,Serratia marcescens,2,3,
702,9fa038fc-6c0b-4ea9-ae34-b8d236f8defe,7024b119-0243-487d-a91b-eca05310f9eb,1,886f84f3-f52d-4589-a9b3-f29a2899a957,,Others,0,1,
705,44de49a3-28c6-41bb-a23c-3b93df70884f,c9116249-8b7d-4afc-b890-d35765f6bf3f,1,63312954-9c80-4b97-9f9f-ed48c60e4c3e,,Non-pathogen specific,14,30,
706,f4cb6de3-b57a-4564-836f-b546c9988ac7,03c4f07c-bbd7-42ed-be5c-8dccbb0d04cb,1,6ea696fa-79c8-4c88-b142-17e92b9bacc3,,Non-pathogen specific,28,36,
707,970afc65-329a-4ed0-af73-4b4a0efe3552,ba05dd55-7bd8-4749-8a5f-4217e3c557d3,1,47b9892f-b863-4762-9c92-0ba25cc94306,,S.aureus,148,180,
708,92114f58-25d0-4b9f-87e6-2c2e212af69c,14eaf1b5-564b-455a-a48d-a06296f4884b,1,ffe660c2-d53a-4c8b-9a3a-6dfdf3f43c85,,S.aureus,149,184,
709,5f5da675-e6c0-4776-887a-292c744cbac8,73104369-e92f-4859-9ab1-c18f49205923,1,31b0de95-935f-42f1-a6d1-b7d22725866f,,S.aureus,185,232,
717,c97d143b-1946-47bf-a883-8a09771d583b,826ad5c3-e9eb-4e64-9be6-adf8f814f6ae,1,49322d05-7f4e-4b07-a365-cc7574e232a8,,Coagulase-positive staph,10,13,
718,12a6c60f-ed04-4995-b6a8-e6ed3822b8a7,826ad5c3-e9eb-4e64-9be6-adf8f814f6ae,1,49322d05-7f4e-4b07-a365-cc7574e232a8,,Strept.spp (no specification),3,3,
719,6815f20f-2cac-4dce-be23-bc56ec9938ac,826ad5c3-e9eb-4e64-9be6-adf8f814f6ae,1,49322d05-7f4e-4b07-a365-cc7574e232a8,,Coagulase-negative staph (CNS),8,11,
720,6db2d2b9-e18a-43ef-b426-6e0a3a804cc1,826ad5c3-e9eb-4e64-9be6-adf8f814f6ae,1,49322d05-7f4e-4b07-a365-cc7574e232a8,,Corynebacterium spp. (C.bovis),8,14,
721,635d8197-8c67-4ea6-aa61-fd9d5468aa2f,826ad5c3-e9eb-4e64-9be6-adf8f814f6ae,1,49322d05-7f4e-4b07-a365-cc7574e232a8,,Bacillus spp.,3,4,
722,08a7b97e-8058-4f19-881b-cf535c471cd6,826ad5c3-e9eb-4e64-9be6-adf8f814f6ae,1,49322d05-7f4e-4b07-a365-cc7574e232a8,,Yeast,1,1,
723,67785190-f7aa-413c-afc2-4501670cd054,826ad5c3-e9eb-4e64-9be6-adf8f814f6ae,1,49322d05-7f4e-4b07-a365-cc7574e232a8,,Non-pathogen specific,33,46,
724,bbe324c3-c832-4201-8c15-aa9b58407b36,1dcdc395-356e-4529-aa38-815f7ef8d1e9,1,f7f394b0-0f37-4926-b5a6-4d324646342c,,Coagulase-positive staph,11,13,
725,524fef85-0d87-46df-89e9-a08d258bb92c,1dcdc395-356e-4529-aa38-815f7ef8d1e9,1,f7f394b0-0f37-4926-b5a6-4d324646342c,,Strept.spp (no specification),5,7,
726,c9c6a066-109c-48d7-8f0a-f57a8f41c6e0,1dcdc395-356e-4529-aa38-815f7ef8d1e9,1,f7f394b0-0f37-4926-b5a6-4d324646342c,,Coagulase-negative staph (CNS),11,13,
727,b5955337-c972-428d-86f0-92157eaae2ce,1dcdc395-356e-4529-aa38-815f7ef8d1e9,1,f7f394b0-0f37-4926-b5a6-4d324646342c,,Corynebacterium spp. (C.bovis),11,17,
728,93f1a624-46dd-4dba-840d-810a4e7abc67,1dcdc395-356e-4529-aa38-815f7ef8d1e9,1,f7f394b0-0f37-4926-b5a6-4d324646342c,,Bacillus spp.,1,3,
729,a5793f58-a589-41e4-8588-23339f3504c6,1dcdc395-356e-4529-aa38-815f7ef8d1e9,1,f7f394b0-0f37-4926-b5a6-4d324646342c,,Yeast,0,0,
730,1e094b16-7c27-4662-80f7-390780f9ba0d,1dcdc395-356e-4529-aa38-815f7ef8d1e9,1,f7f394b0-0f37-4926-b5a6-4d324646342c,,Non-pathogen specific,39,53,
738,51e7dcd2-7e01-4735-9b9a-7d0aa46b8b9a,f03c10c3-8538-45d2-af02-41ec76a807bf,1,41836b31-81c8-49e5-89be-e632ad63ee32,,Coagulase-positive staph,8,11,
739,8166caa7-ae3f-4b5b-a13b-e6c63631d0dd,f03c10c3-8538-45d2-af02-41ec76a807bf,1,41836b31-81c8-49e5-89be-e632ad63ee32,,Strept.spp (no specification),5,8,
740,d643f7f7-5cb2-41e0-83c0-f7e900f76b70,f03c10c3-8538-45d2-af02-41ec76a807bf,1,41836b31-81c8-49e5-89be-e632ad63ee32,,Coagulase-negative staph (CNS),7,9,
741,3af209d8-4473-490b-acbe-3ec6a7675459,f03c10c3-8538-45d2-af02-41ec76a807bf,1,41836b31-81c8-49e5-89be-e632ad63ee32,,Corynebacterium spp. (C.bovis),9,21,
742,e1b05113-4d20-4011-a5ac-23fb2d654df9,f03c10c3-8538-45d2-af02-41ec76a807bf,1,41836b31-81c8-49e5-89be-e632ad63ee32,,Bacillus spp.,0,1,
743,7db05a5d-9972-47db-8799-73f55cf8c30e,f03c10c3-8538-45d2-af02-41ec76a807bf,1,41836b31-81c8-49e5-89be-e632ad63ee32,,Yeast,1,1,
744,cd40e837-5256-4ed6-82f5-f5fd96ccd6f2,f03c10c3-8538-45d2-af02-41ec76a807bf,1,41836b31-81c8-49e5-89be-e632ad63ee32,,Non-pathogen specific,26,51,
745,ac29405e-7b14-4652-9cbd-04e0cbdf2f9e,ebf6ec06-d29e-4e6f-a33e-162142beb2e0,1,e6d471bf-6211-4b74-8b7e-9b79fd35a7a6,,S.aureus,24,36,
746,30953889-e8de-4fcd-a097-4773a146eb9a,45e459ec-e7d7-4333-b5d9-d410c03fd48b,1,ef03a509-28fc-4ff9-8ccc-3027c36a54b2,,S.aureus,2,8,
747,fc679d8d-b221-494b-8839-7bc11c86a79a,514d5b30-38f2-46be-8ebe-e323bd6ea88d,1,4cc3aef2-9fc0-46aa-b686-eb236960c27f,,S.aureus,8,26,
748,c119dcd1-96ea-42d5-918e-88151679eff9,f5f6b8fc-c83e-4b9c-85c9-7cc0be23ad4f,1,2ccb2190-09f8-4b5d-a15b-379b12fe058b,,S.aureus,9,27,
749,a8206b99-53b3-46aa-a834-7304082d7b06,ca75c873-2776-413e-be00-2b5a5b44c9f1,1,fbf2f4c2-d4eb-40a8-9bc9-8c26a92c0bd6,,S.aureus,5,5,
750,bbd3af9e-4a92-43a3-b434-4d44a4d0efb4,6b539d41-423a-42ee-95c3-6d661b586383,1,f68b5f73-4b45-4950-85a4-177e8728a1e2,,S.aureus,3,4,
752,ea9cf611-815d-4403-b94c-24fd01ebea82,724d307f-b459-4d0b-9aba-6786063e80df,1,3c447dd8-ef3d-49a6-a710-f47918d588be,,Others,10,10,Other major pathogens
753,4a012f9a-7063-447c-b03a-1d98b47d0db8,ae6ee81e-d617-4f81-9906-7ca15c0775ee,1,5fb69508-47e8-44e4-bf0a-d72061073e56,,Others,10,10,Other major pathogens
754,1a1df0ef-f593-4015-a892-96196a7198e7,189e1c1e-51ba-461e-9178-be5d60c68c0a,1,90b5f89c-c1e1-4f23-b1b5-ba4175163aaf,,Others,18,18,Other major pathogens
758,74dd62c9-c20e-4b99-98dd-190845b0e4b8,2390bfae-a152-4089-9845-f2e1a197bbe6,1,c78f6c87-ddaa-4ca6-aced-b9f2f1a98f03,,Non-pathogen specific,15,25,
759,ceb06f16-85c3-4346-bc24-844e73263d97,2390bfae-a152-4089-9845-f2e1a197bbe6,1,c78f6c87-ddaa-4ca6-aced-b9f2f1a98f03,,S.aureus,10,20,
761,963653ad-42a5-4bda-a6e8-1a33e5566eca,b1c028e8-a792-4676-b753-3c75112dc60f,1,c747d5ef-622d-4b6b-af54-fba54c8bbf91,,Non-pathogen specific,23,33,
762,440f448f-3341-4d16-8a4d-e737d8dbf204,b1c028e8-a792-4676-b753-3c75112dc60f,1,c747d5ef-622d-4b6b-af54-fba54c8bbf91,,S.aureus,19,28,
763,5b7608a8-7cf4-4d7b-8e16-1fb80f75bb7d,51a8c51b-8ed5-4955-a125-9de9d61abf46,1,e51374d9-d65e-4547-b5c4-c0f3b993542a,,Non-pathogen specific,14,30,
764,c363c71e-ab3c-45d1-b5ef-4194d3475603,4e81cd2c-716f-4d56-93db-5fa2a71c44be,1,527c3311-c2ea-452c-a641-b696e55a8755,,Non-pathogen specific,28,36,
765,f28bd6a5-56c2-4da2-860b-41149ff96502,51a8c51b-8ed5-4955-a125-9de9d61abf46,1,e51374d9-d65e-4547-b5c4-c0f3b993542a,,S.aureus,11,26,
766,c606f8bf-965d-46fa-b464-892466cc17b3,51a8c51b-8ed5-4955-a125-9de9d61abf46,1,e51374d9-d65e-4547-b5c4-c0f3b993542a,,Strept. Dysgalactiae,1,1,
767,e3e0937f-13d0-4fe1-89a6-06cad6dae75e,51a8c51b-8ed5-4955-a125-9de9d61abf46,1,e51374d9-d65e-4547-b5c4-c0f3b993542a,,Strept. Uberis,1,2,
774,acec8ea7-7fb0-4e83-9c4f-6234b0f2b5c8,4e81cd2c-716f-4d56-93db-5fa2a71c44be,1,527c3311-c2ea-452c-a641-b696e55a8755,,S.aureus,22,30,
775,6170037d-4c9b-4f2f-9e98-2200075ccbaf,4e81cd2c-716f-4d56-93db-5fa2a71c44be,1,527c3311-c2ea-452c-a641-b696e55a8755,,Strept. Dysgalactiae,1,1,
776,145a0f16-cdaa-452f-a2c2-7ec929a690d6,4e81cd2c-716f-4d56-93db-5fa2a71c44be,1,527c3311-c2ea-452c-a641-b696e55a8755,,Strept. Uberis,1,1,
777,e143c71c-fa90-4fb1-afbe-27389e10817f,4e81cd2c-716f-4d56-93db-5fa2a71c44be,1,527c3311-c2ea-452c-a641-b696e55a8755,,,,,
778,f22f0e4f-6a4d-4dd2-b283-552243cad81a,32289575-4546-4d4b-bf61-66ca9e98f490,1,b0ca19f6-90ce-453b-97d2-a0d4ca800d02,,Non-pathogen specific,34,69,
779,90570722-f94d-4599-bc8a-8344f8f2dd9d,088a23ac-e97b-4ead-bbf1-afc4147b984d,1,2a994c51-ec67-4057-afaf-be09e3727952,,Non-pathogen specific,44,73,
