"UniqueKey","UniqueRowId","GlobalRecordId","RECSTATUS","FKEY","Stratificationlevels","Pathogenspp","Ve","Total","Other_def"
1,1abd9fa1-caa3-42ec-bab4-4d65107c4832,40e3fb66-ba29-4fed-9a03-786027590ec6,1,8c57ae0d-6376-477a-8e28-552c2fc5fd43,,Strept. Uberis,21,838,
2,0efdefc4-a835-4541-8110-b0fa4f344cb4,40e3fb66-ba29-4fed-9a03-786027590ec6,1,8c57ae0d-6376-477a-8e28-552c2fc5fd43,,E. coli,28,838,
3,a654167e-64ca-4dfe-98ac-13bd90f8fbaa,40e3fb66-ba29-4fed-9a03-786027590ec6,1,8c57ae0d-6376-477a-8e28-552c2fc5fd43,,Aerococcus spp.,14,838,
4,bb84e30d-dcf1-4112-ac79-538ca0250e57,40e3fb66-ba29-4fed-9a03-786027590ec6,1,8c57ae0d-6376-477a-8e28-552c2fc5fd43,,Coagulase-positive staph,8,838,
5,1f0f2b25-3d68-4d2a-be15-20f3aca639cf,40e3fb66-ba29-4fed-9a03-786027590ec6,1,8c57ae0d-6376-477a-8e28-552c2fc5fd43,,Enterococcus spp.,11,838,
6,7d63477f-5cc9-4d4f-8c05-234577694f55,40e3fb66-ba29-4fed-9a03-786027590ec6,1,8c57ae0d-6376-477a-8e28-552c2fc5fd43,,Bacillus spp.,1,838,
7,15be8fb1-3e1b-4a1d-bc64-e98770e34c38,40e3fb66-ba29-4fed-9a03-786027590ec6,1,8c57ae0d-6376-477a-8e28-552c2fc5fd43,,Yeast,11,838,
8,9af639f2-3a85-41c0-9781-50b2a54bc710,40e3fb66-ba29-4fed-9a03-786027590ec6,1,8c57ae0d-6376-477a-8e28-552c2fc5fd43,,Strept.spp (no specification),0,838,
9,077fbe61-57de-4e8e-b50e-8e669fea714c,40e3fb66-ba29-4fed-9a03-786027590ec6,1,8c57ae0d-6376-477a-8e28-552c2fc5fd43,,Mucor spp.,3,838,
10,ea3029ea-d6c5-41ac-8c1d-2729d97d53ab,40e3fb66-ba29-4fed-9a03-786027590ec6,1,8c57ae0d-6376-477a-8e28-552c2fc5fd43,,Strept. Dysgalactiae,0,838,
11,2b50deee-3033-4ed4-ab0e-a68aa53a13c7,40e3fb66-ba29-4fed-9a03-786027590ec6,1,8c57ae0d-6376-477a-8e28-552c2fc5fd43,,Aspergillus spp.,2,838,
12,22e7748a-d4f1-412b-a4d5-c51d33f5d71b,40e3fb66-ba29-4fed-9a03-786027590ec6,1,8c57ae0d-6376-477a-8e28-552c2fc5fd43,,Pseudomonas spp.,2,838,
13,8926545c-6693-4de8-af2a-487914b6f2b9,40e3fb66-ba29-4fed-9a03-786027590ec6,1,8c57ae0d-6376-477a-8e28-552c2fc5fd43,,Arcanobacterium pyogenes,1,838,
14,807934b0-cf40-4ace-8c7a-bcf475d5e635,40e3fb66-ba29-4fed-9a03-786027590ec6,1,8c57ae0d-6376-477a-8e28-552c2fc5fd43,,Enterobacteriaceae (no specification),38,838,
15,482abb98-6ea2-4915-95d2-77ccea4b4194,40e3fb66-ba29-4fed-9a03-786027590ec6,1,8c57ae0d-6376-477a-8e28-552c2fc5fd43,,Major Pathogens,112,838,
16,c2b2468f-8299-4ba5-a21e-354a5578ee08,40e3fb66-ba29-4fed-9a03-786027590ec6,1,8c57ae0d-6376-477a-8e28-552c2fc5fd43,,Coagulase-negative staph (CNS),213,838,
17,56d726e4-2eaa-4cee-b0f2-70fcebc642bb,40e3fb66-ba29-4fed-9a03-786027590ec6,1,8c57ae0d-6376-477a-8e28-552c2fc5fd43,,Corynebacterium spp. (C.bovis),95,838,
18,8f346bb7-21f5-47e5-a363-3df2ee01f5f7,40e3fb66-ba29-4fed-9a03-786027590ec6,1,8c57ae0d-6376-477a-8e28-552c2fc5fd43,,Minor Pathogens,270,838,
19,d89694c2-1204-4ddf-8315-be46c8ecd585,40e3fb66-ba29-4fed-9a03-786027590ec6,1,8c57ae0d-6376-477a-8e28-552c2fc5fd43,,No growth,506,838,
20,c7d19912-7376-4389-bfe9-e616a9670ed9,40e3fb66-ba29-4fed-9a03-786027590ec6,1,8c57ae0d-6376-477a-8e28-552c2fc5fd43,,Contaminated (Mixed infections),6,838,
21,1b035e7e-048f-4da5-acea-d32ec3ad1255,40e3fb66-ba29-4fed-9a03-786027590ec6,1,8c57ae0d-6376-477a-8e28-552c2fc5fd43,,Non-pathogen specific,325,838,
22,65e72ca0-999f-4c6c-bc4d-b092720e85c0,26bb2ac7-52b4-4fae-b65a-45cc041150db,1,97425907-7e02-4923-9d6f-f11276fcc668,,Strept. Uberis,14,838,
23,0604b3b0-ffe9-4646-870f-d722949e42e9,26bb2ac7-52b4-4fae-b65a-45cc041150db,1,97425907-7e02-4923-9d6f-f11276fcc668,,E. coli,20,838,
24,0278b931-9dbc-4174-a5b4-e8eb436b87ee,26bb2ac7-52b4-4fae-b65a-45cc041150db,1,97425907-7e02-4923-9d6f-f11276fcc668,,Aerococcus spp.,10,838,
25,dcffc829-b79c-4a84-8d2e-bb20905d4877,26bb2ac7-52b4-4fae-b65a-45cc041150db,1,97425907-7e02-4923-9d6f-f11276fcc668,,Coagulase-positive staph,3,838,
26,40e527c9-f8d9-4608-9697-bdb1104115b4,26bb2ac7-52b4-4fae-b65a-45cc041150db,1,97425907-7e02-4923-9d6f-f11276fcc668,,Enterococcus spp.,4,838,
27,3358cc49-914b-45e3-96ae-6bbcf9742ce3,26bb2ac7-52b4-4fae-b65a-45cc041150db,1,97425907-7e02-4923-9d6f-f11276fcc668,,Bacillus spp.,3,838,
28,4933afd1-8c74-4899-babc-a00b4583d24b,26bb2ac7-52b4-4fae-b65a-45cc041150db,1,97425907-7e02-4923-9d6f-f11276fcc668,,Yeast,8,838,
29,afa86c75-5eb1-4430-bf9c-c8331cf15d5d,26bb2ac7-52b4-4fae-b65a-45cc041150db,1,97425907-7e02-4923-9d6f-f11276fcc668,,Strept.spp (no specification),1,838,
30,1d0ed8f8-c9cc-44ef-96cf-2d60a096a0d5,26bb2ac7-52b4-4fae-b65a-45cc041150db,1,97425907-7e02-4923-9d6f-f11276fcc668,,Mucor spp.,3,838,
31,3bfbe221-a45a-49b7-b2eb-386fd4f23a3d,26bb2ac7-52b4-4fae-b65a-45cc041150db,1,97425907-7e02-4923-9d6f-f11276fcc668,,Strept. Dysgalactiae,3,838,
32,8eb7354e-a2b4-4daf-b9e2-146c76d56647,26bb2ac7-52b4-4fae-b65a-45cc041150db,1,97425907-7e02-4923-9d6f-f11276fcc668,,Aspergillus spp.,2,838,
33,e6cd78e8-188a-46d7-aa22-93a56459f593,26bb2ac7-52b4-4fae-b65a-45cc041150db,1,97425907-7e02-4923-9d6f-f11276fcc668,,Pseudomonas spp.,1,838,
34,2a405442-ac67-426d-b2a3-4439f204d49e,26bb2ac7-52b4-4fae-b65a-45cc041150db,1,97425907-7e02-4923-9d6f-f11276fcc668,,Arcanobacterium pyogenes,0,838,
35,0d0580b1-2783-44c0-9930-f3cbf6ea5087,26bb2ac7-52b4-4fae-b65a-45cc041150db,1,97425907-7e02-4923-9d6f-f11276fcc668,,Enterobacteriaceae (no specification),24,838,
36,56a23875-966b-408d-9b56-21a31f572e4a,26bb2ac7-52b4-4fae-b65a-45cc041150db,1,97425907-7e02-4923-9d6f-f11276fcc668,,Major Pathogens,83,838,
37,080db123-761c-48c4-bcbe-7f1bbd02ef82,26bb2ac7-52b4-4fae-b65a-45cc041150db,1,97425907-7e02-4923-9d6f-f11276fcc668,,Coagulase-negative staph (CNS),178,838,
38,53d363b5-bdec-43d9-8e6e-830927a8ddbf,26bb2ac7-52b4-4fae-b65a-45cc041150db,1,97425907-7e02-4923-9d6f-f11276fcc668,,Corynebacterium spp. (C.bovis),86,838,
39,64f23080-6160-4291-8352-fc3e47540b09,26bb2ac7-52b4-4fae-b65a-45cc041150db,1,97425907-7e02-4923-9d6f-f11276fcc668,,Minor Pathogens,230,838,
40,2ebe3bf6-6107-4d41-9011-2014bc7b5f1a,26bb2ac7-52b4-4fae-b65a-45cc041150db,1,97425907-7e02-4923-9d6f-f11276fcc668,,No growth,560,838,
41,f4676301-dfa6-4166-935b-eb161bd78d19,26bb2ac7-52b4-4fae-b65a-45cc041150db,1,97425907-7e02-4923-9d6f-f11276fcc668,,Contaminated (Mixed infections),4,838,
42,bf0b5b7b-25e7-4776-9b06-769f12e8dfd5,26bb2ac7-52b4-4fae-b65a-45cc041150db,1,97425907-7e02-4923-9d6f-f11276fcc668,,Non-pathogen specific,274,838,
43,86a0a8af-f917-4801-ba21-92269eecff5c,a9ebc1e6-452c-4a5d-96f1-0de66c9d8de9,1,5d2c4cba-575f-4eb5-9e46-87c1abbea3c0,,Strept. Uberis,9,782,
44,b34f0de9-c021-44c8-868c-7a014e679302,a9ebc1e6-452c-4a5d-96f1-0de66c9d8de9,1,5d2c4cba-575f-4eb5-9e46-87c1abbea3c0,,E. coli,13,782,
45,05e7886c-f852-4dce-a240-7e6eb5e13299,a9ebc1e6-452c-4a5d-96f1-0de66c9d8de9,1,5d2c4cba-575f-4eb5-9e46-87c1abbea3c0,,Aerococcus spp.,6,782,
46,df965ca5-5bfb-4ca2-8e99-b313f2a60167,a9ebc1e6-452c-4a5d-96f1-0de66c9d8de9,1,5d2c4cba-575f-4eb5-9e46-87c1abbea3c0,,Coagulase-positive staph,5,782,
47,ed6e0d94-089b-4efb-a965-861693007122,a9ebc1e6-452c-4a5d-96f1-0de66c9d8de9,1,5d2c4cba-575f-4eb5-9e46-87c1abbea3c0,,Enterococcus spp.,5,782,
48,587e1832-98de-4dfd-9989-4ede62bdbfd4,a9ebc1e6-452c-4a5d-96f1-0de66c9d8de9,1,5d2c4cba-575f-4eb5-9e46-87c1abbea3c0,,Bacillus spp.,3,782,
49,737c220a-6d89-450b-b349-b31f1bf5d461,a9ebc1e6-452c-4a5d-96f1-0de66c9d8de9,1,5d2c4cba-575f-4eb5-9e46-87c1abbea3c0,,Yeast,6,782,
50,71493a9d-a322-4f0b-bf6e-cc96a07d8b55,a9ebc1e6-452c-4a5d-96f1-0de66c9d8de9,1,5d2c4cba-575f-4eb5-9e46-87c1abbea3c0,,Strept.spp (no specification),1,782,
51,bc4d7f49-b836-4e50-8016-fce81542ab25,a9ebc1e6-452c-4a5d-96f1-0de66c9d8de9,1,5d2c4cba-575f-4eb5-9e46-87c1abbea3c0,,Mucor spp.,1,782,
52,bbb254a9-a1f7-4933-8e9f-db78f6035327,a9ebc1e6-452c-4a5d-96f1-0de66c9d8de9,1,5d2c4cba-575f-4eb5-9e46-87c1abbea3c0,,Strept. Dysgalactiae,4,782,
53,a912daea-79f2-480d-8e76-21018a99bd40,a9ebc1e6-452c-4a5d-96f1-0de66c9d8de9,1,5d2c4cba-575f-4eb5-9e46-87c1abbea3c0,,Aspergillus spp.,2,782,
54,7fbfa10c-f392-44ba-bd94-40a46df7d1f6,a9ebc1e6-452c-4a5d-96f1-0de66c9d8de9,1,5d2c4cba-575f-4eb5-9e46-87c1abbea3c0,,Pseudomonas spp.,1,782,
55,b11e8d26-4119-43af-9d90-d25e4baa731e,a9ebc1e6-452c-4a5d-96f1-0de66c9d8de9,1,5d2c4cba-575f-4eb5-9e46-87c1abbea3c0,,Arcanobacterium pyogenes,2,782,
56,89a7b891-229c-4bcc-927f-468201f93253,a9ebc1e6-452c-4a5d-96f1-0de66c9d8de9,1,5d2c4cba-575f-4eb5-9e46-87c1abbea3c0,,Enterobacteriaceae (no specification),18,782,
57,2769f3d1-a90e-460c-a467-d36999a5a525,a9ebc1e6-452c-4a5d-96f1-0de66c9d8de9,1,5d2c4cba-575f-4eb5-9e46-87c1abbea3c0,,Major Pathogens,77,782,
58,32fbde92-36c5-4377-9462-6c8169167390,a9ebc1e6-452c-4a5d-96f1-0de66c9d8de9,1,5d2c4cba-575f-4eb5-9e46-87c1abbea3c0,,Coagulase-negative staph (CNS),191,782,
59,cdd22c1c-2247-4c53-93f8-cec21b62d705,a9ebc1e6-452c-4a5d-96f1-0de66c9d8de9,1,5d2c4cba-575f-4eb5-9e46-87c1abbea3c0,,Corynebacterium spp. (C.bovis),100,782,
60,4fc787c3-fb3c-4977-991d-1c4e0aacbef0,a9ebc1e6-452c-4a5d-96f1-0de66c9d8de9,1,5d2c4cba-575f-4eb5-9e46-87c1abbea3c0,,Minor Pathogens,255,782,
61,c9094a7b-f0e2-49f3-a64c-9a29c46fff80,a9ebc1e6-452c-4a5d-96f1-0de66c9d8de9,1,5d2c4cba-575f-4eb5-9e46-87c1abbea3c0,,No growth,492,782,
62,1738b291-8266-434a-b8b3-f29bc7458356,a9ebc1e6-452c-4a5d-96f1-0de66c9d8de9,1,5d2c4cba-575f-4eb5-9e46-87c1abbea3c0,,Contaminated (Mixed infections),0,782,
63,611e5dfa-207e-49a8-8ab9-70a590021911,a9ebc1e6-452c-4a5d-96f1-0de66c9d8de9,1,5d2c4cba-575f-4eb5-9e46-87c1abbea3c0,,Non-pathogen specific,290,782,
64,097aa7b6-51ca-4765-ac34-055034b4a19a,92cc3683-5149-4b86-9ac2-1ade717fd079,1,ed4dddf2-ef00-4fb8-8d93-96780d545abb,,Strept. Uberis,7,782,
65,b25e5d3c-10be-4736-bc37-4d0e9d0d5732,92cc3683-5149-4b86-9ac2-1ade717fd079,1,ed4dddf2-ef00-4fb8-8d93-96780d545abb,,E. coli,19,782,
66,f61069ed-626a-4dcf-844d-90f2787a6cf8,92cc3683-5149-4b86-9ac2-1ade717fd079,1,ed4dddf2-ef00-4fb8-8d93-96780d545abb,,Aerococcus spp.,15,782,
67,f679a71e-6abc-4151-88b7-d95c88b84b16,92cc3683-5149-4b86-9ac2-1ade717fd079,1,ed4dddf2-ef00-4fb8-8d93-96780d545abb,,Coagulase-positive staph,2,782,
68,c9e13521-542b-4368-937f-ff8ca0d9db38,92cc3683-5149-4b86-9ac2-1ade717fd079,1,ed4dddf2-ef00-4fb8-8d93-96780d545abb,,Enterococcus spp.,2,782,
69,a35a2a32-0611-48ca-a81b-bf3528578e03,92cc3683-5149-4b86-9ac2-1ade717fd079,1,ed4dddf2-ef00-4fb8-8d93-96780d545abb,,Bacillus spp.,1,782,
70,724a180e-0a03-442e-8ade-b3d6bd9e79fd,92cc3683-5149-4b86-9ac2-1ade717fd079,1,ed4dddf2-ef00-4fb8-8d93-96780d545abb,,Yeast,8,782,
71,d87dcb55-374a-44e7-b5b6-1bcd82ebc01c,92cc3683-5149-4b86-9ac2-1ade717fd079,1,ed4dddf2-ef00-4fb8-8d93-96780d545abb,,Strept.spp (no specification),0,782,
72,94d17b00-17ce-4a76-b53b-d5a617ff7892,92cc3683-5149-4b86-9ac2-1ade717fd079,1,ed4dddf2-ef00-4fb8-8d93-96780d545abb,,Mucor spp.,1,782,
73,3db78adf-89fa-4e25-bd48-29d7937c38b9,92cc3683-5149-4b86-9ac2-1ade717fd079,1,ed4dddf2-ef00-4fb8-8d93-96780d545abb,,Strept. Dysgalactiae,0,782,
74,3d2895f5-1683-4c11-b118-e441038ebf5b,92cc3683-5149-4b86-9ac2-1ade717fd079,1,ed4dddf2-ef00-4fb8-8d93-96780d545abb,,Aspergillus spp.,5,782,
75,e1b506b3-944a-4866-bd8f-1b8c5b39ba4b,92cc3683-5149-4b86-9ac2-1ade717fd079,1,ed4dddf2-ef00-4fb8-8d93-96780d545abb,,Pseudomonas spp.,2,782,
76,ee1b56f8-30c5-49b5-a03b-2e2604b76e1c,92cc3683-5149-4b86-9ac2-1ade717fd079,1,ed4dddf2-ef00-4fb8-8d93-96780d545abb,,Arcanobacterium pyogenes,1,782,
77,d70d57cf-f143-4355-a042-80fc2f409beb,92cc3683-5149-4b86-9ac2-1ade717fd079,1,ed4dddf2-ef00-4fb8-8d93-96780d545abb,,Enterobacteriaceae (no specification),22,782,
78,49bcf4ef-3b52-4a95-9c50-68dc9f24a01b,92cc3683-5149-4b86-9ac2-1ade717fd079,1,ed4dddf2-ef00-4fb8-8d93-96780d545abb,,Major Pathogens,65,782,
79,b057a093-6a70-4c68-99ca-0cd3e34fe41a,92cc3683-5149-4b86-9ac2-1ade717fd079,1,ed4dddf2-ef00-4fb8-8d93-96780d545abb,,Coagulase-negative staph (CNS),170,782,
80,6aef5c72-c406-4113-8128-991d8df30df2,92cc3683-5149-4b86-9ac2-1ade717fd079,1,ed4dddf2-ef00-4fb8-8d93-96780d545abb,,Corynebacterium spp. (C.bovis),91,782,
81,0f78a89d-5a99-4e97-abb5-40e2264fa63c,92cc3683-5149-4b86-9ac2-1ade717fd079,1,ed4dddf2-ef00-4fb8-8d93-96780d545abb,,Minor Pathogens,224,782,
82,77efb938-2349-43c4-9265-d893b77f2756,92cc3683-5149-4b86-9ac2-1ade717fd079,1,ed4dddf2-ef00-4fb8-8d93-96780d545abb,,No growth,526,782,
83,dedcb9a9-ebe5-44e5-a934-05daa390004a,92cc3683-5149-4b86-9ac2-1ade717fd079,1,ed4dddf2-ef00-4fb8-8d93-96780d545abb,,Contaminated (Mixed infections),2,782,
84,c324607d-f0f2-4f4d-9507-da37eaa7c7ed,92cc3683-5149-4b86-9ac2-1ade717fd079,1,ed4dddf2-ef00-4fb8-8d93-96780d545abb,,Non-pathogen specific,254,782,
91,8cfa2cae-366f-445f-aad3-fc00ef417a4a,0b117091-3311-4391-9c26-15e9b5350549,1,a38317e1-4c85-4923-9126-07f3e4d54d24,,Non-pathogen specific,25,62,
92,75e76164-4684-4523-8836-5002a46fd907,0b117091-3311-4391-9c26-15e9b5350549,1,a38317e1-4c85-4923-9126-07f3e4d54d24,,S.aureus,8,62,
93,8d567c67-8b18-49e6-bcf9-42eae678965f,0b117091-3311-4391-9c26-15e9b5350549,1,a38317e1-4c85-4923-9126-07f3e4d54d24,,Strept.spp (no specification),4,62,
94,694e3176-afd4-4d0b-8979-77ee299e3ba8,0b117091-3311-4391-9c26-15e9b5350549,1,a38317e1-4c85-4923-9126-07f3e4d54d24,,Enterobacteriaceae (no specification),0,62,
95,928cd741-8c19-4752-be4f-66be088ecd6f,0b117091-3311-4391-9c26-15e9b5350549,1,a38317e1-4c85-4923-9126-07f3e4d54d24,,S epidermidis,1,62,
96,f43fa3fb-2f3c-4212-bf92-2124aabb96fc,0b117091-3311-4391-9c26-15e9b5350549,1,a38317e1-4c85-4923-9126-07f3e4d54d24,,Corynebacterium spp. (C.bovis),14,62,
97,874f67b6-04af-4270-816a-f73ae2929f58,597c7bde-6986-42ed-9c97-1dc7b411c30d,1,7f0036ed-8665-4eee-a4e4-53889a197e9b,,Non-pathogen specific,5,62,
98,6c7e0e0e-78ef-4410-a20a-7861890b9c70,597c7bde-6986-42ed-9c97-1dc7b411c30d,1,7f0036ed-8665-4eee-a4e4-53889a197e9b,,S.aureus,8,62,
99,8fe28372-5b79-40d0-b313-e9d29af33701,597c7bde-6986-42ed-9c97-1dc7b411c30d,1,7f0036ed-8665-4eee-a4e4-53889a197e9b,,Enterobacteriaceae (no specification),1,62,
100,e608faa1-4088-45c6-9ab7-df87658e8116,597c7bde-6986-42ed-9c97-1dc7b411c30d,1,7f0036ed-8665-4eee-a4e4-53889a197e9b,,S epidermidis,1,62,
101,1bcdf5e4-721a-42f9-80b7-57768c551698,597c7bde-6986-42ed-9c97-1dc7b411c30d,1,7f0036ed-8665-4eee-a4e4-53889a197e9b,,Corynebacterium spp. (C.bovis),1,62,
102,1c40b0d7-bd4b-4197-9ba2-69ae99e018b6,060fa5c2-7950-4d13-bab3-a9213b092081,1,583a9d66-b11b-4087-9b7e-dce9245f853e,,S.aureus,21,203,
104,636007ac-168f-4e8d-b642-c11412ccaaed,7d6cffd0-7ad6-4467-9fea-1822fe8aa414,1,5456002a-9784-40d2-9f6e-b830595cc155,,S.aureus,24,248,
105,56ef59a7-fb6b-4db9-9bc3-95ddb3d68776,f0b32ca0-45b8-4494-8ee1-c03444fbd236,1,f360294f-25bd-461b-a2b4-1c83ad203214,,S.aureus,51,230,
106,6432e495-076d-483d-bfcf-65b6922cc1d2,cc8418d9-2431-40fe-b340-79f083591388,1,314fd9d6-f15a-48bf-9ff6-d571b49f8524,,Non-pathogen specific,38,472,
107,bd85ba94-f57f-4601-a410-0ea8845fbba4,0189e2aa-8e99-49ac-bf11-d813e0d6a75b,1,bc00bb38-6236-4c9b-9e59-d31303d2afa8,,Non-pathogen specific,29,424,
108,f8a63dd6-c211-4d72-8d8c-76d8b411e7ba,a5109dc7-730f-4ba7-85b3-84b92925bc01,1,7c009306-2477-4b13-89dc-0ded8cfaa746,,Non-pathogen specific,35,432,
109,21608cbf-6e75-45ac-aeda-d8ed32730f3c,1b357bee-ca97-469d-849e-32123be1fb32,1,fb23ef3b-f7bc-4754-bb33-3f707e8bfab7,,Non-pathogen specific,53,460,
110,a3bb4f85-52a0-44af-8985-eb74cc023595,8f536e3f-237a-4900-a901-26610fd9d793,1,b352a9d0-e2b4-4c6f-a10c-01d7a19a677f,,Non-pathogen specific,40,424,
111,dc6a0007-94d8-4438-b41a-8cccc946d367,efdfabcb-0d85-42ac-999f-3bdd0026e1d1,1,e3fcf477-f78e-48db-9fb4-82f54c6416b7,,Non-pathogen specific,47,424,
112,fd8cdd19-8547-457f-9229-0a634664f6be,0b2270e6-2d5c-46fe-8f72-99f35965ed1a,1,4deceb49-7f55-4a8b-9049-745fe22447fe,,S.aureus,14,140,
113,8d7bff99-a7b9-420c-9d12-d55c0b8af63f,0b2270e6-2d5c-46fe-8f72-99f35965ed1a,1,4deceb49-7f55-4a8b-9049-745fe22447fe,,Coagulase-negative staph (CNS),36,140,
114,b0bf6184-0494-450e-b939-0afc1ee40de7,0b2270e6-2d5c-46fe-8f72-99f35965ed1a,1,4deceb49-7f55-4a8b-9049-745fe22447fe,,Strept.spp (no specification),5,140,
115,52117930-60ab-403d-ba36-cb61496b6ef1,0b2270e6-2d5c-46fe-8f72-99f35965ed1a,1,4deceb49-7f55-4a8b-9049-745fe22447fe,,Corynebacterium spp. (C.bovis),4,140,
116,2aea4a08-d68e-4372-8254-b9d1975dae6f,0b2270e6-2d5c-46fe-8f72-99f35965ed1a,1,4deceb49-7f55-4a8b-9049-745fe22447fe,,Coliforms,4,140,
117,8bfb3fe9-075c-40ff-8f9c-4a787d15b3ef,0b2270e6-2d5c-46fe-8f72-99f35965ed1a,1,4deceb49-7f55-4a8b-9049-745fe22447fe,,Arcanobacterium pyogenes,0,140,
118,1ae53c8e-f452-4157-a118-588f055f2bec,ffc073e8-ac5b-4d68-8b29-701d57121635,1,44d0e732-7e97-4ebd-95a9-20719b49cc71,,S.aureus,23,140,
119,af39077b-b396-4b96-83c5-8a189952158f,ffc073e8-ac5b-4d68-8b29-701d57121635,1,44d0e732-7e97-4ebd-95a9-20719b49cc71,,Coagulase-negative staph (CNS),38,140,
120,97de9895-69dc-49b4-b3b8-1473ce61c72c,ffc073e8-ac5b-4d68-8b29-701d57121635,1,44d0e732-7e97-4ebd-95a9-20719b49cc71,,Strept.spp (no specification),5,140,
121,eda2e6e3-28e9-465c-b624-0037fd2d0015,ffc073e8-ac5b-4d68-8b29-701d57121635,1,44d0e732-7e97-4ebd-95a9-20719b49cc71,,Corynebacterium spp. (C.bovis),15,140,
122,0ef88cc3-7dc4-4d1d-8b48-658e16e6b466,ffc073e8-ac5b-4d68-8b29-701d57121635,1,44d0e732-7e97-4ebd-95a9-20719b49cc71,,Coliforms,0,140,
123,9cd22133-4f53-4f6d-a8bc-4e65bb85e322,ffc073e8-ac5b-4d68-8b29-701d57121635,1,44d0e732-7e97-4ebd-95a9-20719b49cc71,,Arcanobacterium pyogenes,1,140,
124,fad62cac-6b1c-442c-a1c0-3f4d6f8a877c,c0cfab90-5e0a-4ea7-b589-133512735692,1,50359899-f028-4df2-8354-cb6a76785f6f,,S.aureus,33,74,
125,6f205c84-dc70-4c05-b8f6-32e7558b17d8,c0cfab90-5e0a-4ea7-b589-133512735692,1,50359899-f028-4df2-8354-cb6a76785f6f,,Coagulase-negative staph (CNS),19,74,
126,6c14b6c1-5be9-421a-9133-596760009afe,c0cfab90-5e0a-4ea7-b589-133512735692,1,50359899-f028-4df2-8354-cb6a76785f6f,,Strept.spp (no specification),2,74,
127,cb51bdd4-8fba-476e-bb61-fab0558a1413,c0cfab90-5e0a-4ea7-b589-133512735692,1,50359899-f028-4df2-8354-cb6a76785f6f,,Corynebacterium spp. (C.bovis),9,74,
128,4771472a-d6d5-4914-8133-5547c6ee5580,c0cfab90-5e0a-4ea7-b589-133512735692,1,50359899-f028-4df2-8354-cb6a76785f6f,,Coliforms,4,74,
129,56917112-d1f4-494e-8cb8-68563ff389d7,c0cfab90-5e0a-4ea7-b589-133512735692,1,50359899-f028-4df2-8354-cb6a76785f6f,,Arcanobacterium pyogenes,0,74,
130,f5d1054e-5dda-47eb-9a4a-ec212866e610,4b733c2b-077b-413f-b2fa-72265bd72e90,1,58861ff3-8b9e-484e-a6a1-6232625586e5,,S.aureus,38,74,
131,c354132d-0d56-4f27-8099-7b31f8c06b8d,4b733c2b-077b-413f-b2fa-72265bd72e90,1,58861ff3-8b9e-484e-a6a1-6232625586e5,,Coagulase-negative staph (CNS),17,74,
132,f3390c32-0332-4d91-b32b-2517a06cd8ea,4b733c2b-077b-413f-b2fa-72265bd72e90,1,58861ff3-8b9e-484e-a6a1-6232625586e5,,Strept.spp (no specification),5,74,
133,d83b3ecb-7895-4fc6-91d7-3a9fe1755118,4b733c2b-077b-413f-b2fa-72265bd72e90,1,58861ff3-8b9e-484e-a6a1-6232625586e5,,Corynebacterium spp. (C.bovis),1,74,
134,757702a9-0f0a-4285-b416-e6c99ba45be6,4b733c2b-077b-413f-b2fa-72265bd72e90,1,58861ff3-8b9e-484e-a6a1-6232625586e5,,Coliforms,2,74,
135,094b262a-0e4c-4e34-8263-34e75bd5ed17,4b733c2b-077b-413f-b2fa-72265bd72e90,1,58861ff3-8b9e-484e-a6a1-6232625586e5,,Arcanobacterium pyogenes,0,74,
148,b7d706cf-3781-43a3-b51b-d8914e4de213,45eb6d35-a056-4146-9d17-61a720841ac8,1,2cd49a92-547b-4683-a6dc-c286808c8b2e,,Strept. Uberis,11,584,
149,0486bf26-957a-425c-9ce1-34b6291dd0da,45eb6d35-a056-4146-9d17-61a720841ac8,1,2cd49a92-547b-4683-a6dc-c286808c8b2e,,Strept. Dysgalactiae,1,584,
150,77dd88f1-7dfc-420d-83d6-924be9f5670b,45eb6d35-a056-4146-9d17-61a720841ac8,1,2cd49a92-547b-4683-a6dc-c286808c8b2e,,Coagulase-positive staph,2,584,
151,14c12c32-5ea9-4fcc-842f-24d82797b922,45eb6d35-a056-4146-9d17-61a720841ac8,1,2cd49a92-547b-4683-a6dc-c286808c8b2e,,E. coli,20,584,
152,103455f1-7c31-46e8-afa6-4d8400301d45,45eb6d35-a056-4146-9d17-61a720841ac8,1,2cd49a92-547b-4683-a6dc-c286808c8b2e,,Enterobacteriaceae (non-e-coli),0,584,
153,f8352b5c-4705-474c-9496-c87a7c444307,45eb6d35-a056-4146-9d17-61a720841ac8,1,2cd49a92-547b-4683-a6dc-c286808c8b2e,,Aerococcus spp.,10,584,
154,3e5aea7c-6de0-4474-86a8-d0582c0abb4e,45eb6d35-a056-4146-9d17-61a720841ac8,1,2cd49a92-547b-4683-a6dc-c286808c8b2e,,Arcanobacterium pyogenes,1,584,
155,7b92f7af-b745-4585-b7f4-732f764ea444,45eb6d35-a056-4146-9d17-61a720841ac8,1,2cd49a92-547b-4683-a6dc-c286808c8b2e,,Enterobacteriaceae (no specification),20,584,
156,43bfb060-9e8c-4c98-b9cd-a90924ef6f48,45eb6d35-a056-4146-9d17-61a720841ac8,1,2cd49a92-547b-4683-a6dc-c286808c8b2e,,Major Pathogens,64,584,
157,d7d8de52-a4c0-4664-a7aa-1eb4af5209a8,45eb6d35-a056-4146-9d17-61a720841ac8,1,2cd49a92-547b-4683-a6dc-c286808c8b2e,,Coagulase-negative staph (CNS),133,584,
158,77411f64-a17f-4581-ab2b-8d9d60bc267e,45eb6d35-a056-4146-9d17-61a720841ac8,1,2cd49a92-547b-4683-a6dc-c286808c8b2e,,Corynebacterium spp. (C.bovis),72,584,
159,026e6a45-c23e-448c-b19f-2b352a99bfec,45eb6d35-a056-4146-9d17-61a720841ac8,1,2cd49a92-547b-4683-a6dc-c286808c8b2e,,Minor Pathogens,150,584,
172,f305dfeb-54d3-43cb-aa30-3152edffe20e,957e0aa5-ffea-4568-b62f-64b03fe99b52,1,6044f510-e0ba-4cff-ad84-42841c87cf41,,Strept. Uberis,13,616,
173,50e8b008-3a36-4738-b997-8c1dfffd3984,957e0aa5-ffea-4568-b62f-64b03fe99b52,1,6044f510-e0ba-4cff-ad84-42841c87cf41,,Strept. Dysgalactiae,0,616,
174,b31d0784-70f7-4049-8769-440309f20832,957e0aa5-ffea-4568-b62f-64b03fe99b52,1,6044f510-e0ba-4cff-ad84-42841c87cf41,,Coagulase-positive staph,2,616,
175,be41f355-c893-46ab-971a-bdc0c0d2291f,957e0aa5-ffea-4568-b62f-64b03fe99b52,1,6044f510-e0ba-4cff-ad84-42841c87cf41,,E. coli,14,616,
176,dfd810a2-93ef-444a-ae5a-7d5f920d1a4b,957e0aa5-ffea-4568-b62f-64b03fe99b52,1,6044f510-e0ba-4cff-ad84-42841c87cf41,,Enterobacteriaceae (non-e-coli),3,616,
177,54730c6b-6821-4bdb-a33e-9a214773a769,957e0aa5-ffea-4568-b62f-64b03fe99b52,1,6044f510-e0ba-4cff-ad84-42841c87cf41,,Aerococcus spp.,6,616,
178,a8799144-832e-4a89-b6d0-ed85915e6399,957e0aa5-ffea-4568-b62f-64b03fe99b52,1,6044f510-e0ba-4cff-ad84-42841c87cf41,,Arcanobacterium pyogenes,1,616,
179,b89c50bb-abd0-40f6-81f4-065f766e6ab8,957e0aa5-ffea-4568-b62f-64b03fe99b52,1,6044f510-e0ba-4cff-ad84-42841c87cf41,,Enterobacteriaceae (no specification),17,616,
180,ef6d6c81-5a9e-4a21-ac45-56e77da85d3d,957e0aa5-ffea-4568-b62f-64b03fe99b52,1,6044f510-e0ba-4cff-ad84-42841c87cf41,,Major Pathogens,52,616,
181,ddd62077-d6d4-4629-af4f-ec4e0ce76767,957e0aa5-ffea-4568-b62f-64b03fe99b52,1,6044f510-e0ba-4cff-ad84-42841c87cf41,,Coagulase-negative staph (CNS),113,616,
182,c8307873-e1a5-40ef-b457-a0f6d2994b7d,957e0aa5-ffea-4568-b62f-64b03fe99b52,1,6044f510-e0ba-4cff-ad84-42841c87cf41,,Corynebacterium spp. (C.bovis),56,616,
183,a49cc491-ccf5-4675-a243-d211812084d0,957e0aa5-ffea-4568-b62f-64b03fe99b52,1,6044f510-e0ba-4cff-ad84-42841c87cf41,,Minor Pathogens,135,616,
196,097927b1-9ddc-49fc-adb4-d4cdbea73835,6d3c56f7-9fec-4c55-abd6-44d89e9e2c77,1,18515522-0f9d-4317-8086-b8cd61fde6f0,,Strept. Uberis,28,596,
197,e7054eaf-8df7-4f98-9de3-7ba7ed2b573c,6d3c56f7-9fec-4c55-abd6-44d89e9e2c77,1,18515522-0f9d-4317-8086-b8cd61fde6f0,,Strept. Dysgalactiae,3,596,
198,97c219c2-1267-445d-bd80-a67f39e201cb,6d3c56f7-9fec-4c55-abd6-44d89e9e2c77,1,18515522-0f9d-4317-8086-b8cd61fde6f0,,Coagulase-positive staph,4,596,
199,a1699cbc-ccfe-498d-84a8-0f4a17994b5b,6d3c56f7-9fec-4c55-abd6-44d89e9e2c77,1,18515522-0f9d-4317-8086-b8cd61fde6f0,,E. coli,34,596,
200,99b911ac-43e9-4213-b6d5-a6d416a82896,6d3c56f7-9fec-4c55-abd6-44d89e9e2c77,1,18515522-0f9d-4317-8086-b8cd61fde6f0,,Enterobacteriaceae (non-e-coli),3,596,
201,bdc412ea-feb5-4661-b342-4bc77e981609,6d3c56f7-9fec-4c55-abd6-44d89e9e2c77,1,18515522-0f9d-4317-8086-b8cd61fde6f0,,Aerococcus spp.,15,596,
202,5bbd7846-ce0d-49fc-ba5d-7a194e0eebea,6d3c56f7-9fec-4c55-abd6-44d89e9e2c77,1,18515522-0f9d-4317-8086-b8cd61fde6f0,,Arcanobacterium pyogenes,5,596,
203,fa73d80a-903b-4158-9f1e-38b5839b13d2,6d3c56f7-9fec-4c55-abd6-44d89e9e2c77,1,18515522-0f9d-4317-8086-b8cd61fde6f0,,Enterobacteriaceae (no specification),37,596,
204,9e675be2-b70f-42f4-aa34-29d4c1d3f5df,6d3c56f7-9fec-4c55-abd6-44d89e9e2c77,1,18515522-0f9d-4317-8086-b8cd61fde6f0,,Major Pathogens,96,596,
205,0eb9ddf3-7f33-4aa5-8f0f-448045a182a1,6d3c56f7-9fec-4c55-abd6-44d89e9e2c77,1,18515522-0f9d-4317-8086-b8cd61fde6f0,,Coagulase-negative staph (CNS),141,596,
206,89ab8a5c-04d9-4553-a179-b3f528fe0649,6d3c56f7-9fec-4c55-abd6-44d89e9e2c77,1,18515522-0f9d-4317-8086-b8cd61fde6f0,,Corynebacterium spp. (C.bovis),77,596,
207,3c9787d4-afcc-4e12-af46-996ce1f74ddb,6d3c56f7-9fec-4c55-abd6-44d89e9e2c77,1,18515522-0f9d-4317-8086-b8cd61fde6f0,,Minor Pathogens,143,596,
208,dc5de4c7-ce6c-40b2-a6c2-45488849a3c1,ababff42-18ec-475d-ab7b-de1a7f3ef05e,1,a4f61b66-8a8d-4c4f-81cb-88e22b5df23a,,Non-pathogen specific,3,40,
209,73582c68-7195-45ac-b644-90d97a747cd6,ababff42-18ec-475d-ab7b-de1a7f3ef05e,1,a4f61b66-8a8d-4c4f-81cb-88e22b5df23a,,S.aureus,3,40,
210,b276754c-b7a4-475e-826e-5ca95bf219f2,8694b066-a482-4edb-8857-a0d025a8e023,1,055c53d9-c59c-4421-8bf0-b9c9ace46e67,,Non-pathogen specific,2,36,
211,8c9ab9aa-bd89-4d54-b934-d267902cf89f,8694b066-a482-4edb-8857-a0d025a8e023,1,055c53d9-c59c-4421-8bf0-b9c9ace46e67,,S.aureus,2,36,
212,10b5a24c-6baa-4d05-9949-ed4a6e83425a,cc7778c1-bdc7-486a-b1a7-b075a3c26139,1,b1ff88f0-49c4-4d43-b2e0-fc09852151fc,,Non-pathogen specific,26,83,
213,ad7a8021-1954-4a34-a38d-f741f009822b,cc7778c1-bdc7-486a-b1a7-b075a3c26139,1,b1ff88f0-49c4-4d43-b2e0-fc09852151fc,,S.aureus,10,83,
214,870d24f6-b9b5-4feb-b1e9-346a30780c16,cc7778c1-bdc7-486a-b1a7-b075a3c26139,1,b1ff88f0-49c4-4d43-b2e0-fc09852151fc,,Strept. Agalactiae,3,83,
215,01a10594-338f-4ad0-9c69-9d69bfbc879e,cc7778c1-bdc7-486a-b1a7-b075a3c26139,1,b1ff88f0-49c4-4d43-b2e0-fc09852151fc,,Corynebacterium spp. (C.bovis),8,83,
216,05cfc403-10a6-43d6-b007-867af14b5b58,cc7778c1-bdc7-486a-b1a7-b075a3c26139,1,b1ff88f0-49c4-4d43-b2e0-fc09852151fc,,S epidermidis,1,83,
217,d436f994-d7f8-47e1-b9b6-756078d68b29,cc7778c1-bdc7-486a-b1a7-b075a3c26139,1,b1ff88f0-49c4-4d43-b2e0-fc09852151fc,,E. coli,3,83,
218,5a42d1b4-2ebf-4c7b-98d5-e67a7ac99501,b21cc493-2b33-4d08-b263-20d2b050f2c8,1,d82d50ea-58c9-41ef-a9a1-99fafec6d6a0,,Non-pathogen specific,7,20,
219,9a618a11-78ec-42e2-af02-535fb09cad18,b21cc493-2b33-4d08-b263-20d2b050f2c8,1,d82d50ea-58c9-41ef-a9a1-99fafec6d6a0,,S.aureus,5,20,
220,2697b848-7d9d-49f2-8772-5ef74654e5aa,b21cc493-2b33-4d08-b263-20d2b050f2c8,1,d82d50ea-58c9-41ef-a9a1-99fafec6d6a0,,Strept. Agalactiae,2,20,
221,d446fb70-de79-4aaf-8b75-e19cd6f4323c,1410bc81-440d-4fa8-9670-c3759bba3ab9,1,efba9110-72de-4819-bf62-6ab8130e2766,,Strept. Uberis,36,566,
222,45e89aaf-68a1-4709-b48a-52113eea0f51,1410bc81-440d-4fa8-9670-c3759bba3ab9,1,efba9110-72de-4819-bf62-6ab8130e2766,,Coagulase-positive staph,30,566,
223,0b386937-cb33-4dde-90f6-10c6d22dcfe6,1410bc81-440d-4fa8-9670-c3759bba3ab9,1,efba9110-72de-4819-bf62-6ab8130e2766,,E. coli,10,566,
224,389c21ea-3c22-4ae8-baee-30e201d88aa3,1410bc81-440d-4fa8-9670-c3759bba3ab9,1,efba9110-72de-4819-bf62-6ab8130e2766,,Strept. Dysgalactiae,4,566,
225,388f2d67-6cf2-4b9d-867e-c21e2c53bac2,1410bc81-440d-4fa8-9670-c3759bba3ab9,1,efba9110-72de-4819-bf62-6ab8130e2766,,Coliforms,9,566,
226,08973f7a-0ba3-4a3f-9756-c76ed06cda91,1410bc81-440d-4fa8-9670-c3759bba3ab9,1,efba9110-72de-4819-bf62-6ab8130e2766,,Pseudomonas spp.,2,566,
227,e552ed6b-7f27-41ed-9d46-4564358bde84,1410bc81-440d-4fa8-9670-c3759bba3ab9,1,efba9110-72de-4819-bf62-6ab8130e2766,,Yeast,2,566,
228,a34f0257-25cf-41c0-8aba-3b792dc55751,1410bc81-440d-4fa8-9670-c3759bba3ab9,1,efba9110-72de-4819-bf62-6ab8130e2766,,Bacillus spp.,35,566,
229,1179457b-1126-42ae-985b-f98d779b0a21,1410bc81-440d-4fa8-9670-c3759bba3ab9,1,efba9110-72de-4819-bf62-6ab8130e2766,,Major Pathogens,168,566,
230,29716c0a-3384-4d01-9c42-d136377e1d8e,1410bc81-440d-4fa8-9670-c3759bba3ab9,1,efba9110-72de-4819-bf62-6ab8130e2766,,Coagulase-negative staph (CNS),97,566,
231,530e1ad2-47b4-4256-a347-2839be792944,1410bc81-440d-4fa8-9670-c3759bba3ab9,1,efba9110-72de-4819-bf62-6ab8130e2766,,Corynebacterium spp. (C.bovis),208,566,
232,4fbe4422-c298-4484-b8b0-549d7c7e30b7,1410bc81-440d-4fa8-9670-c3759bba3ab9,1,efba9110-72de-4819-bf62-6ab8130e2766,,Minor Pathogens,305,566,
233,68586330-4e9b-4a9d-9d11-308b3a79204e,29868637-0fb6-4901-ae60-04c215b31147,1,749505f0-7789-40fb-9204-b6ed11cd27f7,,S.aureus,16,480,
234,64bc0ba2-63bc-440f-bdbd-883a0f76215f,29868637-0fb6-4901-ae60-04c215b31147,1,749505f0-7789-40fb-9204-b6ed11cd27f7,,Strept. Agalactiae,4,480,
235,f165e33f-213b-41e7-9340-4e3b6428be7c,29868637-0fb6-4901-ae60-04c215b31147,1,749505f0-7789-40fb-9204-b6ed11cd27f7,,Strept.spp (no specification),1,480,
236,97322ccb-2237-486f-935d-153b7c1c4b96,29868637-0fb6-4901-ae60-04c215b31147,1,749505f0-7789-40fb-9204-b6ed11cd27f7,,Coliforms,1,480,
237,6b0208c8-8c17-4eb8-9a4e-0d0ca8d56dc4,29868637-0fb6-4901-ae60-04c215b31147,1,749505f0-7789-40fb-9204-b6ed11cd27f7,,Corynebacterium spp. (C.bovis),4,480,
239,f76497df-98d5-4454-a310-ebbcea39af3a,29868637-0fb6-4901-ae60-04c215b31147,1,749505f0-7789-40fb-9204-b6ed11cd27f7,,Non-pathogen specific,22,480,
240,98138b20-8cff-4138-9b07-803c158f0a5b,bc9a0cf9-c9b3-46f8-8d94-34705cd18742,1,75a53190-045f-45ef-9194-be3ed5cf991f,,Non-pathogen specific,18,120,
241,6b041a84-c8d6-4ac3-b070-144dc230f603,102a20fb-8e66-443e-a195-a221fc63ccfc,1,833a1f4a-2259-4da7-b18c-e986094f6a1b,,S.aureus,26,448,
242,499245d1-edfc-41b0-b6b0-e2e445a9f6e7,102a20fb-8e66-443e-a195-a221fc63ccfc,1,833a1f4a-2259-4da7-b18c-e986094f6a1b,,Strept. Agalactiae,3,448,
243,3ae005bc-850c-4b0c-ac97-882f19bbfc84,102a20fb-8e66-443e-a195-a221fc63ccfc,1,833a1f4a-2259-4da7-b18c-e986094f6a1b,,Strept.spp (no specification),2,448,
244,44b2c719-9490-45e4-8f7c-1cc8f99f59f6,102a20fb-8e66-443e-a195-a221fc63ccfc,1,833a1f4a-2259-4da7-b18c-e986094f6a1b,,Coliforms,2,448,
245,dc685314-c330-4a01-aeae-6c1c880f63e1,102a20fb-8e66-443e-a195-a221fc63ccfc,1,833a1f4a-2259-4da7-b18c-e986094f6a1b,,Corynebacterium spp. (C.bovis),6,448,
246,dd5131c5-04f2-49a9-b72d-fb7b05cac1f4,3c32f9f2-cc2b-46b2-81a2-87e620c0cfb4,1,6be9c943-33e6-471b-a1ce-b688b8b1fa92,,Non-pathogen specific,28,112,
247,01357b07-d300-42f9-8c77-2eff32b70e02,102a20fb-8e66-443e-a195-a221fc63ccfc,1,833a1f4a-2259-4da7-b18c-e986094f6a1b,,Non-pathogen specific,35,448,
248,202ad16f-4572-4ede-b0f9-4a8977f6a28d,2b082068-c044-42b1-82dc-0818459139f8,1,a1c04589-b9ab-4402-bbb1-caafb7f6c3ca,,Strept. Dysgalactiae,11,124,
249,0c2d1c69-21c2-4b47-9608-fdea1da9e087,7c1a239a-d107-438a-ad2a-7556eadcd9dc,1,d5d70d06-c497-427a-983d-6daeae20f2a5,,,5,186,
251,9ef55611-6b39-4958-8603-ca6a7c4732a3,dcf34d0c-8b1b-45a8-9762-e11f45933aa0,1,87be8f9c-615e-417d-99a9-a4f42d8ce328,,Strept. Dysgalactiae,16,127,
252,80f5bd03-b9b4-4e6b-a457-a9015c3d7127,55be3380-9edf-4d3b-8957-f3792368ee9f,1,7c69af7c-f024-4e49-8a25-0041f71b6008,,Corynebacterium spp. (C.bovis),77,594,
253,b1a00eba-2503-429a-98df-3da170ce4ae6,55be3380-9edf-4d3b-8957-f3792368ee9f,1,7c69af7c-f024-4e49-8a25-0041f71b6008,,Coagulase-negative staph (CNS),20,594,
254,fba16a30-987d-482b-b3b4-6a31d8195939,55be3380-9edf-4d3b-8957-f3792368ee9f,1,7c69af7c-f024-4e49-8a25-0041f71b6008,,Minor Pathogens,97,594,
255,e2e0f987-06b3-4604-940b-64f5b71d3889,ba7db5b6-53c3-4a44-a527-717f4ce5667a,1,b158f679-9e67-4a2b-a530-451f29e44aac,,Corynebacterium spp. (C.bovis),22,569,
256,a2656a8c-6fbb-437b-a105-b5f0c48998ce,ba7db5b6-53c3-4a44-a527-717f4ce5667a,1,b158f679-9e67-4a2b-a530-451f29e44aac,,Coagulase-negative staph (CNS),11,569,
257,004cdad3-4c87-4bd8-a2ed-a2ab93d21810,ba7db5b6-53c3-4a44-a527-717f4ce5667a,1,b158f679-9e67-4a2b-a530-451f29e44aac,,Minor Pathogens,33,569,
258,4995d352-538e-4e93-94f9-33a1c6dc5a30,aab65e1d-234d-4b8d-b58d-a1ce3ab4cca3,1,8169b1ed-2ac9-409d-addc-e5d887fab68c,,Corynebacterium spp. (C.bovis),22,567,
259,5e03484e-f659-4626-b707-4f9cd3b8c3e0,aab65e1d-234d-4b8d-b58d-a1ce3ab4cca3,1,8169b1ed-2ac9-409d-addc-e5d887fab68c,,Coagulase-negative staph (CNS),23,567,
260,e8190f77-b30d-43d0-a37c-18fb99f81b57,aab65e1d-234d-4b8d-b58d-a1ce3ab4cca3,1,8169b1ed-2ac9-409d-addc-e5d887fab68c,,Minor Pathogens,45,567,
264,4c0ec721-809c-4fa6-aaad-88c92c42ea37,2031e979-a813-4b67-951d-7932b19a9d45,1,9eab0c38-6ad8-47d1-9289-cfa93b3eac68,,Corynebacterium spp. (C.bovis),4,564,
265,1c6f5ae4-60e5-4299-817a-94186a8ac029,2031e979-a813-4b67-951d-7932b19a9d45,1,9eab0c38-6ad8-47d1-9289-cfa93b3eac68,,Coagulase-negative staph (CNS),13,564,
266,101cfa96-f614-45cb-bc8b-28a6f6cc1b74,2031e979-a813-4b67-951d-7932b19a9d45,1,9eab0c38-6ad8-47d1-9289-cfa93b3eac68,,Major Pathogens,17,564,
281,a56a692a-cd95-4d85-9d7f-d8cdca0d5fa2,f27d4775-5a16-4407-b245-1d78e5d9f364,1,eef1376e-6da3-4c04-b8f3-77ba7bf2fcd6,,S.aureus,11,196,
282,78cd3271-3543-4ad5-96f2-4b647a289261,f27d4775-5a16-4407-b245-1d78e5d9f364,1,eef1376e-6da3-4c04-b8f3-77ba7bf2fcd6,,Strept. Agalactiae,0,196,
283,c235ef4f-8167-4a71-b86d-59b7655704d2,f27d4775-5a16-4407-b245-1d78e5d9f364,1,eef1376e-6da3-4c04-b8f3-77ba7bf2fcd6,,Strept. Dysgalactiae,4,196,
284,ff115b4f-0a70-4209-90b6-6b792490fd08,f27d4775-5a16-4407-b245-1d78e5d9f364,1,eef1376e-6da3-4c04-b8f3-77ba7bf2fcd6,,Strept. Uberis,5,196,
285,c49957c9-c62f-4e5e-abc7-c2899bf150dd,f27d4775-5a16-4407-b245-1d78e5d9f364,1,eef1376e-6da3-4c04-b8f3-77ba7bf2fcd6,,Pseudomonas spp.,3,196,
286,d77e0a71-626d-4214-90d1-7dc9c78cec18,f27d4775-5a16-4407-b245-1d78e5d9f364,1,eef1376e-6da3-4c04-b8f3-77ba7bf2fcd6,,E. coli,2,196,
287,02313d40-16b6-490e-b8b1-b13d2484f1c8,f27d4775-5a16-4407-b245-1d78e5d9f364,1,eef1376e-6da3-4c04-b8f3-77ba7bf2fcd6,,Corynebacterium spp. (C.bovis),1,196,
288,d0a8cae8-24c8-4ddd-84dd-9ebf5f796898,2801c1f4-7d5f-4ba8-aa05-2d9fce45ac2b,1,9991e648-6b27-4caf-bdf5-32b291b0bcdd,,S.aureus,10,196,
289,ff5aa237-d839-48ed-baae-b5d1f061ad47,2801c1f4-7d5f-4ba8-aa05-2d9fce45ac2b,1,9991e648-6b27-4caf-bdf5-32b291b0bcdd,,Strept. Agalactiae,2,196,
290,4de9f4ce-9772-476a-8d72-4cdf8b2e875c,2801c1f4-7d5f-4ba8-aa05-2d9fce45ac2b,1,9991e648-6b27-4caf-bdf5-32b291b0bcdd,,Strept. Dysgalactiae,3,196,
291,ea3533b2-a7ac-4f64-bf05-ff7b11fd62e3,2801c1f4-7d5f-4ba8-aa05-2d9fce45ac2b,1,9991e648-6b27-4caf-bdf5-32b291b0bcdd,,Strept. Uberis,2,196,
292,e8910f46-0f3c-4a3b-8626-aca5c9e36261,2801c1f4-7d5f-4ba8-aa05-2d9fce45ac2b,1,9991e648-6b27-4caf-bdf5-32b291b0bcdd,,Pseudomonas spp.,0,196,
293,0615e271-8cd9-469b-b8dc-343711472450,2801c1f4-7d5f-4ba8-aa05-2d9fce45ac2b,1,9991e648-6b27-4caf-bdf5-32b291b0bcdd,,E. coli,0,196,
294,4cd65784-e963-44f3-8306-463a1ad59f61,2801c1f4-7d5f-4ba8-aa05-2d9fce45ac2b,1,9991e648-6b27-4caf-bdf5-32b291b0bcdd,,Corynebacterium spp. (C.bovis),3,196,
295,7c5fb2b3-76d8-473d-946f-88c122a6d3ab,e568a558-3353-450e-b4f8-3b934bfc6d7c,1,b64685ad-bf71-4bdc-be61-a787f3eb34e9,,S.aureus,20,196,
296,defb94b9-2596-4011-8bf4-5d70a2232cd3,e568a558-3353-450e-b4f8-3b934bfc6d7c,1,b64685ad-bf71-4bdc-be61-a787f3eb34e9,,Strept. Agalactiae,0,196,
297,51d4b1d3-c251-4306-962d-6ad6933565b2,e568a558-3353-450e-b4f8-3b934bfc6d7c,1,b64685ad-bf71-4bdc-be61-a787f3eb34e9,,Strept. Dysgalactiae,2,196,
298,221c4074-6433-438e-b1ec-f7f1e560af6e,e568a558-3353-450e-b4f8-3b934bfc6d7c,1,b64685ad-bf71-4bdc-be61-a787f3eb34e9,,Strept. Uberis,4,196,
299,2ac5154f-08c8-4aeb-bb7d-d56c13331c20,e568a558-3353-450e-b4f8-3b934bfc6d7c,1,b64685ad-bf71-4bdc-be61-a787f3eb34e9,,Pseudomonas spp.,0,196,
300,6f8a30b0-5e18-4431-84a1-6deb4d97054c,e568a558-3353-450e-b4f8-3b934bfc6d7c,1,b64685ad-bf71-4bdc-be61-a787f3eb34e9,,E. coli,1,196,
301,5b01685d-a7da-475a-b368-35f00295b588,e568a558-3353-450e-b4f8-3b934bfc6d7c,1,b64685ad-bf71-4bdc-be61-a787f3eb34e9,,Corynebacterium spp. (C.bovis),13,196,
302,f0dcc999-ba6d-4f16-8b14-72d92523aee3,12deeda4-3aa2-41ac-aaa4-104af32b749b,1,e38edf4e-3c32-4a51-849b-28a0fca581ea,,S.aureus,12,196,
303,f825dbf7-2799-4f9b-99e6-ae096524d069,12deeda4-3aa2-41ac-aaa4-104af32b749b,1,e38edf4e-3c32-4a51-849b-28a0fca581ea,,Strept. Agalactiae,1,196,
304,4e57bd10-3a12-4545-831a-9d3cad4295b3,12deeda4-3aa2-41ac-aaa4-104af32b749b,1,e38edf4e-3c32-4a51-849b-28a0fca581ea,,Strept. Dysgalactiae,0,196,
305,424bec55-8c20-4d63-bc5d-a276016f3e1a,12deeda4-3aa2-41ac-aaa4-104af32b749b,1,e38edf4e-3c32-4a51-849b-28a0fca581ea,,Strept. Uberis,2,196,
306,0c64953d-be4b-4336-a29e-37d1f6ecae73,12deeda4-3aa2-41ac-aaa4-104af32b749b,1,e38edf4e-3c32-4a51-849b-28a0fca581ea,,Pseudomonas spp.,0,196,
307,e2e6e699-c3c8-4d7d-a6e1-397bccc66e5c,12deeda4-3aa2-41ac-aaa4-104af32b749b,1,e38edf4e-3c32-4a51-849b-28a0fca581ea,,E. coli,0,196,
308,dc6c04af-853c-4f91-aac4-845072f697f2,12deeda4-3aa2-41ac-aaa4-104af32b749b,1,e38edf4e-3c32-4a51-849b-28a0fca581ea,,Corynebacterium spp. (C.bovis),18,196,
316,7fd8cbbb-e01b-44fb-b8a4-bc69027d4e15,c0214df5-efd7-4852-bd2a-0cdfffbca71f,1,9d9effd3-a9d3-4792-9e23-7eb103239b71,,S.aureus,39,196,
317,abe05eb8-1511-436f-a003-0b207b604e1a,c0214df5-efd7-4852-bd2a-0cdfffbca71f,1,9d9effd3-a9d3-4792-9e23-7eb103239b71,,Strept. Agalactiae,3,196,
318,a9788758-12be-4821-90a9-b937be8f30c5,c0214df5-efd7-4852-bd2a-0cdfffbca71f,1,9d9effd3-a9d3-4792-9e23-7eb103239b71,,Strept. Dysgalactiae,2,196,
319,8a36f407-a5eb-44da-b09f-4e36f7ec7a7b,c0214df5-efd7-4852-bd2a-0cdfffbca71f,1,9d9effd3-a9d3-4792-9e23-7eb103239b71,,Strept. Uberis,15,196,
320,3431922a-b08d-4277-b4ad-dfa65655dc78,c0214df5-efd7-4852-bd2a-0cdfffbca71f,1,9d9effd3-a9d3-4792-9e23-7eb103239b71,,Pseudomonas spp.,1,196,
321,09c05bb0-1f5e-4a50-a7a6-43104ade1b26,c0214df5-efd7-4852-bd2a-0cdfffbca71f,1,9d9effd3-a9d3-4792-9e23-7eb103239b71,,E. coli,1,196,
322,7049d34f-b104-4170-98fb-af24391c7453,c0214df5-efd7-4852-bd2a-0cdfffbca71f,1,9d9effd3-a9d3-4792-9e23-7eb103239b71,,Corynebacterium spp. (C.bovis),15,196,
330,a9174b7d-4f03-4d9b-b8f9-e03aea173740,e53dd439-d97a-48f8-acd1-5023a9a544c0,1,dff1c777-ae78-4170-b669-eede4a96d4f5,,S.aureus,38,196,
331,538f6220-a7be-4590-b523-273c4732cdae,e53dd439-d97a-48f8-acd1-5023a9a544c0,1,dff1c777-ae78-4170-b669-eede4a96d4f5,,Strept. Agalactiae,3,196,
332,080840a1-277f-4220-a5b1-610a97084d76,e53dd439-d97a-48f8-acd1-5023a9a544c0,1,dff1c777-ae78-4170-b669-eede4a96d4f5,,Strept. Dysgalactiae,6,196,
333,472a120c-6a64-4168-b4f4-0e6e494a008e,e53dd439-d97a-48f8-acd1-5023a9a544c0,1,dff1c777-ae78-4170-b669-eede4a96d4f5,,Strept. Uberis,3,196,
334,353f8749-502c-4edf-b6ac-32d0a995f5d2,e53dd439-d97a-48f8-acd1-5023a9a544c0,1,dff1c777-ae78-4170-b669-eede4a96d4f5,,Pseudomonas spp.,1,196,
335,c704542c-fb9c-4974-b433-8bb4ae263ed1,e53dd439-d97a-48f8-acd1-5023a9a544c0,1,dff1c777-ae78-4170-b669-eede4a96d4f5,,E. coli,1,196,
336,1bdbf9fc-41fb-4195-b81e-e25fefaa5c6a,e53dd439-d97a-48f8-acd1-5023a9a544c0,1,dff1c777-ae78-4170-b669-eede4a96d4f5,,Corynebacterium spp. (C.bovis),58,196,
337,31223cc7-a631-45b9-a25d-95e40ae84b3a,c7e06c8b-36bb-4c39-88e6-8d17ee4f8298,1,f14b31b1-6133-4369-91ca-12a1ab438d5b,,S.aureus,35,196,
338,fbd01df3-1920-4d1b-8a11-a11b95aa5056,c7e06c8b-36bb-4c39-88e6-8d17ee4f8298,1,f14b31b1-6133-4369-91ca-12a1ab438d5b,,Strept. Agalactiae,1,196,
339,7211acbd-2728-4827-ae07-1ed5ff140927,c7e06c8b-36bb-4c39-88e6-8d17ee4f8298,1,f14b31b1-6133-4369-91ca-12a1ab438d5b,,Strept. Dysgalactiae,5,196,
340,8c7aac47-ab50-4308-a07b-c513c209c663,c7e06c8b-36bb-4c39-88e6-8d17ee4f8298,1,f14b31b1-6133-4369-91ca-12a1ab438d5b,,Strept. Uberis,5,196,
341,0613f9b9-21d1-4404-9af6-0de14e8a0778,c7e06c8b-36bb-4c39-88e6-8d17ee4f8298,1,f14b31b1-6133-4369-91ca-12a1ab438d5b,,Pseudomonas spp.,0,196,
342,426e9f17-cef1-4efc-bc95-879776de1c2a,c7e06c8b-36bb-4c39-88e6-8d17ee4f8298,1,f14b31b1-6133-4369-91ca-12a1ab438d5b,,E. coli,0,196,
343,dd6408a2-61f6-4f66-992e-8f3a40faf2eb,c7e06c8b-36bb-4c39-88e6-8d17ee4f8298,1,f14b31b1-6133-4369-91ca-12a1ab438d5b,,Corynebacterium spp. (C.bovis),76,196,
344,f43c0504-1540-4b2f-a6a0-7c1ed6f7f240,bfb4e3eb-f458-4cdc-a683-c00ac1ae5478,1,f33b2b7c-5d06-45bd-a6bc-cb562c791032,,S.aureus,32,196,
345,f6c3e44c-d6d6-45c1-8542-2e3ed3508caa,bfb4e3eb-f458-4cdc-a683-c00ac1ae5478,1,f33b2b7c-5d06-45bd-a6bc-cb562c791032,,Strept. Agalactiae,1,196,
346,8185018e-b90a-4d5b-a7e8-f3f8e61f80c2,bfb4e3eb-f458-4cdc-a683-c00ac1ae5478,1,f33b2b7c-5d06-45bd-a6bc-cb562c791032,,Strept. Dysgalactiae,3,196,
347,b3ea645f-b65c-4975-811e-0d8b5ab29a7f,bfb4e3eb-f458-4cdc-a683-c00ac1ae5478,1,f33b2b7c-5d06-45bd-a6bc-cb562c791032,,Strept. Uberis,3,196,
348,d5ee8459-e017-404c-839f-cc1c350a76f6,bfb4e3eb-f458-4cdc-a683-c00ac1ae5478,1,f33b2b7c-5d06-45bd-a6bc-cb562c791032,,Pseudomonas spp.,0,196,
349,a638c70e-d570-4f99-a650-c6b6802064fe,bfb4e3eb-f458-4cdc-a683-c00ac1ae5478,1,f33b2b7c-5d06-45bd-a6bc-cb562c791032,,E. coli,0,196,
350,dc91a964-6d97-4d4f-80c7-61f85f4d2bf5,bfb4e3eb-f458-4cdc-a683-c00ac1ae5478,1,f33b2b7c-5d06-45bd-a6bc-cb562c791032,,Corynebacterium spp. (C.bovis),75,196,
351,2ba1c756-0abb-4c74-b3fd-499e5e0bab3b,eb8aa3b7-11e7-440a-b677-6ece3d8a407c,1,1fc3e0ec-02c3-43ed-b5ec-495e7b52114c,,S.aureus,17,196,
352,e783e189-ab14-43c3-b2f9-97c3d895944c,eb8aa3b7-11e7-440a-b677-6ece3d8a407c,1,1fc3e0ec-02c3-43ed-b5ec-495e7b52114c,,Strept. Agalactiae,2,196,
353,94a435d0-ac8c-4df6-9be7-20b3991ea23b,eb8aa3b7-11e7-440a-b677-6ece3d8a407c,1,1fc3e0ec-02c3-43ed-b5ec-495e7b52114c,,Strept. Dysgalactiae,1,196,
354,da6bd5ad-7e9a-46af-bfbf-c0b110a0efcb,eb8aa3b7-11e7-440a-b677-6ece3d8a407c,1,1fc3e0ec-02c3-43ed-b5ec-495e7b52114c,,Strept. Uberis,6,196,
355,c1519557-c5aa-43a8-9428-4b2579ae6a6c,eb8aa3b7-11e7-440a-b677-6ece3d8a407c,1,1fc3e0ec-02c3-43ed-b5ec-495e7b52114c,,Pseudomonas spp.,1,196,
356,3b5fd692-7e5c-428d-8e2e-cff1a7cdfa91,eb8aa3b7-11e7-440a-b677-6ece3d8a407c,1,1fc3e0ec-02c3-43ed-b5ec-495e7b52114c,,E. coli,0,196,
357,991284e8-b630-400d-9227-766e193a0647,eb8aa3b7-11e7-440a-b677-6ece3d8a407c,1,1fc3e0ec-02c3-43ed-b5ec-495e7b52114c,,Corynebacterium spp. (C.bovis),5,196,
358,ec032b4c-59ba-413b-a71d-9fd42140d303,ff2dc102-a3fd-45d2-aba4-d6bd4a225c1a,1,d7ba9ebb-ad09-4b9f-94db-44ba7e3f2926,,S.aureus,16,196,
359,0f06891c-5cd4-4d8b-8d4e-5d1b48bb63e6,ff2dc102-a3fd-45d2-aba4-d6bd4a225c1a,1,d7ba9ebb-ad09-4b9f-94db-44ba7e3f2926,,Strept. Agalactiae,1,196,
360,6b963e6d-29e2-4a81-89ca-bab701be6944,ff2dc102-a3fd-45d2-aba4-d6bd4a225c1a,1,d7ba9ebb-ad09-4b9f-94db-44ba7e3f2926,,Strept. Dysgalactiae,6,196,
361,0b32e9ca-e081-40ef-b415-d37246b510d9,ff2dc102-a3fd-45d2-aba4-d6bd4a225c1a,1,d7ba9ebb-ad09-4b9f-94db-44ba7e3f2926,,Strept. Uberis,2,196,
362,0fb3c5b6-d305-4258-acac-6ba38321701f,ff2dc102-a3fd-45d2-aba4-d6bd4a225c1a,1,d7ba9ebb-ad09-4b9f-94db-44ba7e3f2926,,Pseudomonas spp.,1,196,
363,7ded8fe9-222f-4687-bd28-6c22f8c47d9a,ff2dc102-a3fd-45d2-aba4-d6bd4a225c1a,1,d7ba9ebb-ad09-4b9f-94db-44ba7e3f2926,,E. coli,0,196,
364,6c78f542-6b9a-436b-880a-2ad27e7d1b98,ff2dc102-a3fd-45d2-aba4-d6bd4a225c1a,1,d7ba9ebb-ad09-4b9f-94db-44ba7e3f2926,,Corynebacterium spp. (C.bovis),22,196,
365,1590e5ec-ba69-41fa-8c44-ba364e2a230a,0483bb57-a028-40f4-8b7e-985916e7372c,1,92c901f3-083d-44b9-a4c6-c01f67f20e98,,S.aureus,19,196,
366,1601737c-8f1e-4f64-8cd0-eab739239fd0,0483bb57-a028-40f4-8b7e-985916e7372c,1,92c901f3-083d-44b9-a4c6-c01f67f20e98,,Strept. Agalactiae,0,196,
367,906cbe26-3c96-4827-a42c-8c4259a2f7f6,0483bb57-a028-40f4-8b7e-985916e7372c,1,92c901f3-083d-44b9-a4c6-c01f67f20e98,,Strept. Dysgalactiae,1,196,
368,17f7981d-63b4-4ab5-a2b8-ce0113f25dfc,0483bb57-a028-40f4-8b7e-985916e7372c,1,92c901f3-083d-44b9-a4c6-c01f67f20e98,,Strept. Uberis,1,196,
369,9e5805f6-4b7c-4f1d-9024-949bbb675aab,0483bb57-a028-40f4-8b7e-985916e7372c,1,92c901f3-083d-44b9-a4c6-c01f67f20e98,,Pseudomonas spp.,0,196,
370,2fd65132-1b84-4849-a70b-76cbb44ea154,0483bb57-a028-40f4-8b7e-985916e7372c,1,92c901f3-083d-44b9-a4c6-c01f67f20e98,,E. coli,0,196,
371,6f0813a7-9b26-45ef-a459-020c09d61984,0483bb57-a028-40f4-8b7e-985916e7372c,1,92c901f3-083d-44b9-a4c6-c01f67f20e98,,Corynebacterium spp. (C.bovis),31,196,
379,faf8bb0b-d754-4e11-b3d5-6038530bb136,1b74543e-4ddb-48eb-83e6-055861d9dcbd,1,64d0ba70-6324-415d-a788-a457fb6cf99d,,S.aureus,18,196,
380,88e2458d-8797-4ba7-8116-ed01f81015c8,1b74543e-4ddb-48eb-83e6-055861d9dcbd,1,64d0ba70-6324-415d-a788-a457fb6cf99d,,Strept. Agalactiae,0,196,
381,e4a2c406-9879-4c79-b760-ee029f4a93e4,1b74543e-4ddb-48eb-83e6-055861d9dcbd,1,64d0ba70-6324-415d-a788-a457fb6cf99d,,Strept. Dysgalactiae,1,196,
382,9ab9cfae-3a7c-4a4b-b101-fa2834ff9919,1b74543e-4ddb-48eb-83e6-055861d9dcbd,1,64d0ba70-6324-415d-a788-a457fb6cf99d,,Strept. Uberis,1,196,
383,3c9e6ee4-77f1-43ec-bd35-675dca2a8bfe,1b74543e-4ddb-48eb-83e6-055861d9dcbd,1,64d0ba70-6324-415d-a788-a457fb6cf99d,,Pseudomonas spp.,0,196,
384,4ec7c286-4878-4e48-a1e1-4fb7ef887666,1b74543e-4ddb-48eb-83e6-055861d9dcbd,1,64d0ba70-6324-415d-a788-a457fb6cf99d,,E. coli,0,196,
385,fa33ca90-6205-4045-b9f9-668c58e33ea5,1b74543e-4ddb-48eb-83e6-055861d9dcbd,1,64d0ba70-6324-415d-a788-a457fb6cf99d,,Corynebacterium spp. (C.bovis),45,196,
386,beaca36a-d25d-4ce0-8652-d90008074d2c,1cec965c-56f0-47e6-a5f5-adc438d3e0af,1,cdbd1f57-27be-4318-b1e6-519d54442009,,Major Pathogens,307,3314,
387,381e7556-829c-48cf-a49e-eb99ed620968,1cec965c-56f0-47e6-a5f5-adc438d3e0af,1,cdbd1f57-27be-4318-b1e6-519d54442009,,Minor Pathogens,603,3314,
388,62da0f91-602c-4e9c-b4b8-7c4d975f3b3d,1cec965c-56f0-47e6-a5f5-adc438d3e0af,1,cdbd1f57-27be-4318-b1e6-519d54442009,,S.aureus,62,3314,
389,0b764773-a29a-44fe-9af2-27c4e16a938f,1cec965c-56f0-47e6-a5f5-adc438d3e0af,1,cdbd1f57-27be-4318-b1e6-519d54442009,,E. coli,33,3314,
390,71f75964-7643-478b-8582-3fa56a6ceacf,1cec965c-56f0-47e6-a5f5-adc438d3e0af,1,cdbd1f57-27be-4318-b1e6-519d54442009,,Klebsiella spp.,3,3314,
391,d2a4c272-8aa7-49b8-9e2d-e1a9adfff718,1cec965c-56f0-47e6-a5f5-adc438d3e0af,1,cdbd1f57-27be-4318-b1e6-519d54442009,,Strept. Agalactiae,0,3314,
399,e98795f2-26b7-42c2-abb5-ee3402951ef4,1cec965c-56f0-47e6-a5f5-adc438d3e0af,1,cdbd1f57-27be-4318-b1e6-519d54442009,,Strept. Uberis,94,3314,
400,2ec3462d-4b49-4ea1-ab3e-ac0d75182c70,1cec965c-56f0-47e6-a5f5-adc438d3e0af,1,cdbd1f57-27be-4318-b1e6-519d54442009,,Strept. Dysgalactiae,44,3314,
401,06d2bfc2-fa43-438f-9356-c26dc9e88ecd,1cec965c-56f0-47e6-a5f5-adc438d3e0af,1,cdbd1f57-27be-4318-b1e6-519d54442009,,Serratia marcescens,3,3314,
402,2931803b-fd9a-4fd9-a813-e137b8e28e98,1cec965c-56f0-47e6-a5f5-adc438d3e0af,1,cdbd1f57-27be-4318-b1e6-519d54442009,,Trueperella pyogenes,16,3314,
403,6e83c502-74c3-41ee-9945-b3310d39a791,1cec965c-56f0-47e6-a5f5-adc438d3e0af,1,cdbd1f57-27be-4318-b1e6-519d54442009,,Alpha-hemolytic streptococci,52,3314,
404,811f7195-2934-471d-a09b-d21a3c47ec21,1cec965c-56f0-47e6-a5f5-adc438d3e0af,1,cdbd1f57-27be-4318-b1e6-519d54442009,,Coagulase-negative staph (CNS),416,3314,
405,81db1302-39d1-420c-8be1-a743747ac490,1cec965c-56f0-47e6-a5f5-adc438d3e0af,1,cdbd1f57-27be-4318-b1e6-519d54442009,,Corynebacterium spp. (C.bovis),187,3314,
406,7d080257-ec81-48ea-9755-02f77d5c209a,78b60dce-a897-4795-a33f-add2e43bd1df,1,37e77cb8-06fc-488d-a5c5-4ac79b0d1a52,,Major Pathogens,206,3314,
407,b49fbf24-2d97-4d83-8d46-137b9c55ced5,78b60dce-a897-4795-a33f-add2e43bd1df,1,37e77cb8-06fc-488d-a5c5-4ac79b0d1a52,,Minor Pathogens,732,3314,
408,0105eb45-0228-4e92-b9e7-28049615c607,78b60dce-a897-4795-a33f-add2e43bd1df,1,37e77cb8-06fc-488d-a5c5-4ac79b0d1a52,,S.aureus,56,3314,
409,3a395300-aa32-4c09-b77c-8c1f0f70ab13,78b60dce-a897-4795-a33f-add2e43bd1df,1,37e77cb8-06fc-488d-a5c5-4ac79b0d1a52,,E. coli,21,3314,
410,ebbd62f5-b315-4573-a48f-b429d23fb4b2,78b60dce-a897-4795-a33f-add2e43bd1df,1,37e77cb8-06fc-488d-a5c5-4ac79b0d1a52,,Klebsiella spp.,2,3314,
411,dd3ef022-e61d-4e6d-a853-447320550dad,78b60dce-a897-4795-a33f-add2e43bd1df,1,37e77cb8-06fc-488d-a5c5-4ac79b0d1a52,,Strept. Agalactiae,0,3314,
412,6cba1e32-67f9-4940-9986-7a4d3aca978e,78b60dce-a897-4795-a33f-add2e43bd1df,1,37e77cb8-06fc-488d-a5c5-4ac79b0d1a52,,Strept. Uberis,53,3314,
413,54c98cb4-03f9-475c-acfe-2c0ea79e625d,78b60dce-a897-4795-a33f-add2e43bd1df,1,37e77cb8-06fc-488d-a5c5-4ac79b0d1a52,,Strept. Dysgalactiae,14,3314,
414,700b57cf-6df7-4cc4-ab7c-889a05b8bbdb,78b60dce-a897-4795-a33f-add2e43bd1df,1,37e77cb8-06fc-488d-a5c5-4ac79b0d1a52,,Serratia marcescens,4,3314,
415,257f5b47-dd83-4c74-99aa-799668e01947,78b60dce-a897-4795-a33f-add2e43bd1df,1,37e77cb8-06fc-488d-a5c5-4ac79b0d1a52,,Trueperella pyogenes,6,3314,
416,a7590d1c-e491-425c-880a-e39f3070b217,78b60dce-a897-4795-a33f-add2e43bd1df,1,37e77cb8-06fc-488d-a5c5-4ac79b0d1a52,,Alpha-hemolytic streptococci,50,3314,
417,b34381c2-6e25-45dc-a0cb-5cc1451d4fee,78b60dce-a897-4795-a33f-add2e43bd1df,1,37e77cb8-06fc-488d-a5c5-4ac79b0d1a52,,Coagulase-negative staph (CNS),295,3314,
418,7469fad8-e868-4fda-85bd-33d87ae12cf3,78b60dce-a897-4795-a33f-add2e43bd1df,1,37e77cb8-06fc-488d-a5c5-4ac79b0d1a52,,Corynebacterium spp. (C.bovis),437,3314,
419,0241746a-a4f6-42e7-841a-18a764c2281a,d7443930-3145-43ca-a976-df3a23916735,1,de913ece-1038-45ee-9ff7-b3b179344795,,Major Pathogens,141,3314,
420,be4693c8-7ec7-4947-b1c5-5ae70a917ce3,d7443930-3145-43ca-a976-df3a23916735,1,de913ece-1038-45ee-9ff7-b3b179344795,,Minor Pathogens,405,3314,
421,b2217327-2c4e-46ee-add0-33c897c80939,d7443930-3145-43ca-a976-df3a23916735,1,de913ece-1038-45ee-9ff7-b3b179344795,,S.aureus,36,3314,
422,647b246d-3a04-4d9b-8d71-0d0d5e7e7846,d7443930-3145-43ca-a976-df3a23916735,1,de913ece-1038-45ee-9ff7-b3b179344795,,E. coli,14,3314,
423,484ad4d1-8463-4252-8354-4847d10f2a33,d7443930-3145-43ca-a976-df3a23916735,1,de913ece-1038-45ee-9ff7-b3b179344795,,Klebsiella spp.,1,3314,
424,d8c10d36-db26-4bbf-b141-23e63673ddf2,d7443930-3145-43ca-a976-df3a23916735,1,de913ece-1038-45ee-9ff7-b3b179344795,,Strept. Agalactiae,1,3314,
425,de61110c-4911-406b-afe6-2b426527b51d,d7443930-3145-43ca-a976-df3a23916735,1,de913ece-1038-45ee-9ff7-b3b179344795,,Strept. Uberis,32,3314,
426,a545962c-6ac7-4c95-b8d9-f250ff44e824,d7443930-3145-43ca-a976-df3a23916735,1,de913ece-1038-45ee-9ff7-b3b179344795,,Strept. Dysgalactiae,23,3314,
427,d21c462d-405e-4c78-96c6-37ec0544669d,d7443930-3145-43ca-a976-df3a23916735,1,de913ece-1038-45ee-9ff7-b3b179344795,,Serratia marcescens,0,3314,
428,6ee7fbff-b325-45a6-a34b-9502f7d21f71,d7443930-3145-43ca-a976-df3a23916735,1,de913ece-1038-45ee-9ff7-b3b179344795,,Trueperella pyogenes,10,3314,
429,dd4150e2-8e7b-4f6f-8841-2cfe52d2fe67,d7443930-3145-43ca-a976-df3a23916735,1,de913ece-1038-45ee-9ff7-b3b179344795,,Alpha-hemolytic streptococci,24,3314,
430,2b727836-8aae-4412-9be5-a484cc89a027,d7443930-3145-43ca-a976-df3a23916735,1,de913ece-1038-45ee-9ff7-b3b179344795,,Coagulase-negative staph (CNS),357,3314,
431,5ad323a6-e2e7-43d8-b222-41356c66073e,d7443930-3145-43ca-a976-df3a23916735,1,de913ece-1038-45ee-9ff7-b3b179344795,,Corynebacterium spp. (C.bovis),48,3314,
432,fc78c017-6757-47a1-a920-bbac8184305e,729b5dfe-813d-4e7c-92a0-108b6b71c945,1,864c8e2a-ec47-46c9-8e50-1a63f759adbd,,Major Pathogens,113,3314,
433,e2e46351-f639-47c9-b384-566a9b7276de,729b5dfe-813d-4e7c-92a0-108b6b71c945,1,864c8e2a-ec47-46c9-8e50-1a63f759adbd,,Minor Pathogens,405,3314,
434,b883a756-f11e-4d11-8634-ac32b05bc78d,729b5dfe-813d-4e7c-92a0-108b6b71c945,1,864c8e2a-ec47-46c9-8e50-1a63f759adbd,,S.aureus,32,3314,
435,1a610fad-3cad-47c6-98d7-7bddb68878c5,729b5dfe-813d-4e7c-92a0-108b6b71c945,1,864c8e2a-ec47-46c9-8e50-1a63f759adbd,,E. coli,4,3314,
436,7a77c2bc-d855-4609-8a0d-bde28e9b0409,729b5dfe-813d-4e7c-92a0-108b6b71c945,1,864c8e2a-ec47-46c9-8e50-1a63f759adbd,,Klebsiella spp.,2,3314,
437,63dbd767-dde2-4715-861b-637b7751bcfa,729b5dfe-813d-4e7c-92a0-108b6b71c945,1,864c8e2a-ec47-46c9-8e50-1a63f759adbd,,Strept. Agalactiae,0,3314,
438,f61ea50f-00b7-4a9c-8d7f-26a63697c32b,729b5dfe-813d-4e7c-92a0-108b6b71c945,1,864c8e2a-ec47-46c9-8e50-1a63f759adbd,,Strept. Uberis,20,3314,
439,c303b1d1-8cf3-4275-bbed-283737dfd743,729b5dfe-813d-4e7c-92a0-108b6b71c945,1,864c8e2a-ec47-46c9-8e50-1a63f759adbd,,Strept. Dysgalactiae,8,3314,
440,c26f6260-c554-477e-a0d6-81179a7ed6b7,729b5dfe-813d-4e7c-92a0-108b6b71c945,1,864c8e2a-ec47-46c9-8e50-1a63f759adbd,,Serratia marcescens,0,3314,
441,be04e0b5-d832-44bc-b962-8a948370126d,729b5dfe-813d-4e7c-92a0-108b6b71c945,1,864c8e2a-ec47-46c9-8e50-1a63f759adbd,,Trueperella pyogenes,11,3314,
442,81babd57-6bed-4067-a358-dac91351a8c6,729b5dfe-813d-4e7c-92a0-108b6b71c945,1,864c8e2a-ec47-46c9-8e50-1a63f759adbd,,Alpha-hemolytic streptococci,36,3314,
443,d2bb6261-b14d-4baf-a385-a35adb6931b7,729b5dfe-813d-4e7c-92a0-108b6b71c945,1,864c8e2a-ec47-46c9-8e50-1a63f759adbd,,Coagulase-negative staph (CNS),286,3314,
444,9c6c947a-49b8-4d0a-a3b7-11afc2743356,729b5dfe-813d-4e7c-92a0-108b6b71c945,1,864c8e2a-ec47-46c9-8e50-1a63f759adbd,,Corynebacterium spp. (C.bovis),119,3314,
445,e6fed1eb-75b9-4e70-8378-a098a13d457e,dd07d0cd-ad8e-40b7-b174-2cb3ce5991d9,1,f821295f-29ff-44d7-8d92-2e17204ba68a,,Non-pathogen specific,610,3100,
446,18471d71-eff5-4638-ba4e-fb373534e035,bb8697a7-c82e-49f1-a957-e3eb8195f564,1,3c09ba28-81f1-40cb-ac43-da113b4a93c1,,Non-pathogen specific,388,3103,
447,ee3da6c9-5ce3-45d3-a351-c0b89b8a3178,e1c13ba5-3845-4e70-8200-29e38c955d9a,1,4d90025b-964f-47b7-aa87-c698a5b172d3,,Strept. Agalactiae,4,404,
448,862076ae-1984-453d-b817-c835082bd80e,e1c13ba5-3845-4e70-8200-29e38c955d9a,1,4d90025b-964f-47b7-aa87-c698a5b172d3,,Strept. Uberis,19,404,
449,0ce8d6aa-8186-4efd-9a8b-05523ad3aaa2,e1c13ba5-3845-4e70-8200-29e38c955d9a,1,4d90025b-964f-47b7-aa87-c698a5b172d3,,S.aureus,16,404,
450,14cc5e7a-eba3-4107-b620-ad3c502724a9,e1c13ba5-3845-4e70-8200-29e38c955d9a,1,4d90025b-964f-47b7-aa87-c698a5b172d3,,S epidermidis,13,404,
451,2f3d70eb-1225-40f0-9721-5b4525b20fd9,e1c13ba5-3845-4e70-8200-29e38c955d9a,1,4d90025b-964f-47b7-aa87-c698a5b172d3,,Micrococci,18,404,
454,d26f00d9-95b5-407c-b04e-673254ed1e3a,e1c13ba5-3845-4e70-8200-29e38c955d9a,1,4d90025b-964f-47b7-aa87-c698a5b172d3,,Corynebacterium spp. (C.bovis),13,404,
455,fd9d096d-878a-4e91-86b0-2cc419de1e2d,e1c13ba5-3845-4e70-8200-29e38c955d9a,1,4d90025b-964f-47b7-aa87-c698a5b172d3,,Non-pathogen specific,88,404,
456,cf6c62ec-4dc2-47ef-ad5b-57b59177906c,a1df08fb-ab67-4ee8-8502-d67240fc3ce0,1,44d14781-0b3c-47b9-bdce-05946d04e60c,,Strept. Agalactiae,6,395,
457,3bd275e2-3df8-4173-947a-3cda28cf95c2,a1df08fb-ab67-4ee8-8502-d67240fc3ce0,1,44d14781-0b3c-47b9-bdce-05946d04e60c,,Strept. Uberis,40,395,
458,07668ae7-0f69-4b4c-b653-9c207416775a,a1df08fb-ab67-4ee8-8502-d67240fc3ce0,1,44d14781-0b3c-47b9-bdce-05946d04e60c,,S.aureus,22,395,
459,b2eae87b-224a-410a-b585-45419d24ccc3,a1df08fb-ab67-4ee8-8502-d67240fc3ce0,1,44d14781-0b3c-47b9-bdce-05946d04e60c,,S epidermidis,18,395,
460,52b14485-839a-4d43-9d6d-cebf55b37618,a1df08fb-ab67-4ee8-8502-d67240fc3ce0,1,44d14781-0b3c-47b9-bdce-05946d04e60c,,Micrococci,20,395,
461,506d5ddb-bad6-4058-8f7a-d3445a86f131,a1df08fb-ab67-4ee8-8502-d67240fc3ce0,1,44d14781-0b3c-47b9-bdce-05946d04e60c,,Corynebacterium spp. (C.bovis),60,395,
462,c2936d71-49bd-4580-89d3-04eb459095b2,a1df08fb-ab67-4ee8-8502-d67240fc3ce0,1,44d14781-0b3c-47b9-bdce-05946d04e60c,,Non-pathogen specific,173,395,
463,3796dbda-fec5-4cf2-a6a6-47b923fff3cf,184c6958-186a-4507-89ba-1814a3f280b3,1,3a02fab6-ca91-4cbe-8434-0c75bcb415b5,,Non-pathogen specific,77,774,
464,4d936fc4-1fd9-4526-adf3-d98591052e7c,184c6958-186a-4507-89ba-1814a3f280b3,1,3a02fab6-ca91-4cbe-8434-0c75bcb415b5,,Major Pathogens,52,774,
465,be732020-3a9e-4b49-80f3-b6a11a5c119d,184c6958-186a-4507-89ba-1814a3f280b3,1,3a02fab6-ca91-4cbe-8434-0c75bcb415b5,,S.aureus,11,774,
466,be723215-5731-48b1-a929-0f8decb13f47,184c6958-186a-4507-89ba-1814a3f280b3,1,3a02fab6-ca91-4cbe-8434-0c75bcb415b5,,Strept. Uberis,4,774,
467,abf67d3b-1d8a-46d4-956a-c71f65659789,184c6958-186a-4507-89ba-1814a3f280b3,1,3a02fab6-ca91-4cbe-8434-0c75bcb415b5,,Strept. Dysgalactiae,1,774,
468,3c4eec3f-5721-4d72-b75b-ef52a4094b5b,184c6958-186a-4507-89ba-1814a3f280b3,1,3a02fab6-ca91-4cbe-8434-0c75bcb415b5,,Strept.spp (no specification),16,774,
469,5f390bba-f043-4a5e-a8da-601f10501e4c,184c6958-186a-4507-89ba-1814a3f280b3,1,3a02fab6-ca91-4cbe-8434-0c75bcb415b5,,E. coli,6,774,
470,4eb4effd-25df-4db9-a0c3-26a39c568be6,184c6958-186a-4507-89ba-1814a3f280b3,1,3a02fab6-ca91-4cbe-8434-0c75bcb415b5,,Klebsiella spp.,1,774,
471,23add977-7b5c-4f2b-9bdd-87bde352fd3e,184c6958-186a-4507-89ba-1814a3f280b3,1,3a02fab6-ca91-4cbe-8434-0c75bcb415b5,,Enterobacter spp,2,774,
472,228abbe7-52d7-4e0d-80fe-e626605f03fc,184c6958-186a-4507-89ba-1814a3f280b3,1,3a02fab6-ca91-4cbe-8434-0c75bcb415b5,,Proteus spp.,0,774,
473,321546a4-165d-4deb-96cb-5fde2aecae96,184c6958-186a-4507-89ba-1814a3f280b3,1,3a02fab6-ca91-4cbe-8434-0c75bcb415b5,,Citrobacter spp.,0,774,
474,e002ce55-b8f3-4510-bc61-4655b7e4b391,184c6958-186a-4507-89ba-1814a3f280b3,1,3a02fab6-ca91-4cbe-8434-0c75bcb415b5,,Pseudomonas spp.,2,774,
475,fa711fb5-897d-4748-9d9b-821b6a49e461,184c6958-186a-4507-89ba-1814a3f280b3,1,3a02fab6-ca91-4cbe-8434-0c75bcb415b5,,Serratia marcescens,1,774,
476,eebc9d53-0e1e-4a80-81f7-726a1e1e2a3f,184c6958-186a-4507-89ba-1814a3f280b3,1,3a02fab6-ca91-4cbe-8434-0c75bcb415b5,,Arcanobacterium pyogenes,2,774,
477,d0d55fe0-c57f-404b-b79e-a9b5da7c749c,184c6958-186a-4507-89ba-1814a3f280b3,1,3a02fab6-ca91-4cbe-8434-0c75bcb415b5,,Yeast,3,774,
478,7885e877-feec-4a1a-b2d4-823007e5f375,184c6958-186a-4507-89ba-1814a3f280b3,1,3a02fab6-ca91-4cbe-8434-0c75bcb415b5,,Fungi (no specification),1,774,
479,1e114d66-568b-4f57-8c41-c2bc2289250d,184c6958-186a-4507-89ba-1814a3f280b3,1,3a02fab6-ca91-4cbe-8434-0c75bcb415b5,,Coagulase-negative staph (CNS),35,774,
480,df5320dd-516c-4f4b-8b06-668d854251d5,184c6958-186a-4507-89ba-1814a3f280b3,1,3a02fab6-ca91-4cbe-8434-0c75bcb415b5,,Minor Pathogens,17,774,
481,4c3f81d9-2e91-4dd7-9301-a00640a9354c,0ad519e6-ad38-40be-9a61-e948dafdd88d,1,03c4a59f-13b9-4f4f-ba6e-dc970a76b776,,Non-pathogen specific,95,788,
482,e0a3b47c-b389-4625-9ee4-c6f71148b597,0ad519e6-ad38-40be-9a61-e948dafdd88d,1,03c4a59f-13b9-4f4f-ba6e-dc970a76b776,,Major Pathogens,66,788,
483,4551ed64-9a67-4a48-8863-e47928cabedb,0ad519e6-ad38-40be-9a61-e948dafdd88d,1,03c4a59f-13b9-4f4f-ba6e-dc970a76b776,,S.aureus,13,788,
484,5bc1c314-15b1-42c4-b261-cb06cdc42b2c,0ad519e6-ad38-40be-9a61-e948dafdd88d,1,03c4a59f-13b9-4f4f-ba6e-dc970a76b776,,Strept. Uberis,3,788,
485,e2a8b91f-0be9-45c6-8a02-354876269af6,0ad519e6-ad38-40be-9a61-e948dafdd88d,1,03c4a59f-13b9-4f4f-ba6e-dc970a76b776,,Strept. Dysgalactiae,3,788,
486,3949348e-4c41-4fac-a2ae-1f5418a34894,0ad519e6-ad38-40be-9a61-e948dafdd88d,1,03c4a59f-13b9-4f4f-ba6e-dc970a76b776,,Strept.spp (no specification),18,788,
487,92d4852d-17a2-4b79-ba31-7b00c188e270,0ad519e6-ad38-40be-9a61-e948dafdd88d,1,03c4a59f-13b9-4f4f-ba6e-dc970a76b776,,E. coli,14,788,
488,cfb53b47-762b-42a8-a658-1a28e319a4e5,0ad519e6-ad38-40be-9a61-e948dafdd88d,1,03c4a59f-13b9-4f4f-ba6e-dc970a76b776,,Klebsiella spp.,1,788,
489,8fac53ff-e1de-4491-a56e-18e4bd6a3297,0ad519e6-ad38-40be-9a61-e948dafdd88d,1,03c4a59f-13b9-4f4f-ba6e-dc970a76b776,,Enterobacter spp,3,788,
490,8eca0919-cdc8-4bc5-8a04-4159209fccf0,0ad519e6-ad38-40be-9a61-e948dafdd88d,1,03c4a59f-13b9-4f4f-ba6e-dc970a76b776,,Proteus spp.,1,788,
491,0ccd1a51-fd0c-4c9b-8231-92b33371b7bd,0ad519e6-ad38-40be-9a61-e948dafdd88d,1,03c4a59f-13b9-4f4f-ba6e-dc970a76b776,,Citrobacter spp.,1,788,
492,54f0ebc8-b082-4a24-912d-630760d31fbe,0ad519e6-ad38-40be-9a61-e948dafdd88d,1,03c4a59f-13b9-4f4f-ba6e-dc970a76b776,,Pseudomonas spp.,1,788,
493,c287f4a4-2bc7-4a45-9a9c-5f6f4ca1c625,0ad519e6-ad38-40be-9a61-e948dafdd88d,1,03c4a59f-13b9-4f4f-ba6e-dc970a76b776,,Serratia marcescens,0,788,
494,6605b5f0-455d-48d3-a4d1-0f5135c65319,0ad519e6-ad38-40be-9a61-e948dafdd88d,1,03c4a59f-13b9-4f4f-ba6e-dc970a76b776,,Arcanobacterium pyogenes,2,788,
495,a2c06aec-a938-44bc-9a9e-82eab5f6b892,0ad519e6-ad38-40be-9a61-e948dafdd88d,1,03c4a59f-13b9-4f4f-ba6e-dc970a76b776,,Yeast,0,788,
496,b7002d2b-50a4-4810-8338-d16171fe21b5,0ad519e6-ad38-40be-9a61-e948dafdd88d,1,03c4a59f-13b9-4f4f-ba6e-dc970a76b776,,Fungi (no specification),4,788,
497,a30c3636-4355-4cc5-8164-30963f37b131,0ad519e6-ad38-40be-9a61-e948dafdd88d,1,03c4a59f-13b9-4f4f-ba6e-dc970a76b776,,Coagulase-negative staph (CNS),35,788,
498,df59a20e-db05-4eec-9f3a-818646bba1e8,0ad519e6-ad38-40be-9a61-e948dafdd88d,1,03c4a59f-13b9-4f4f-ba6e-dc970a76b776,,Minor Pathogens,11,788,
499,8dc19555-8051-4d06-a6d8-2872b2b7e1bd,e06c014e-f48d-415d-bc94-44b074b17b4c,1,6444b213-638f-4d29-8010-b42bcaa5cf29,,Non-pathogen specific,114,605,
500,bfce0522-0def-4659-a4dc-9ead2408c6f3,edf95bc2-ec33-41e0-b0cd-811426962fcf,1,e5c784a3-61cc-4cd8-9ba6-2060af9ec781,,Non-pathogen specific,90,604,
501,6a9b1bce-857e-425c-b3d7-3d464312e491,edf95bc2-ec33-41e0-b0cd-811426962fcf,1,e5c784a3-61cc-4cd8-9ba6-2060af9ec781,,Major Pathogens,57,604,
502,36a596fb-0d6d-4454-adbb-b70b1fb6d403,edf95bc2-ec33-41e0-b0cd-811426962fcf,1,e5c784a3-61cc-4cd8-9ba6-2060af9ec781,,S.aureus,15,604,
503,73b8baed-f6f4-4dbb-a163-1c02e48d8913,edf95bc2-ec33-41e0-b0cd-811426962fcf,1,e5c784a3-61cc-4cd8-9ba6-2060af9ec781,,Strept. Uberis,4,604,
504,2eadf2fe-093e-41d9-8191-8dd861c20c46,edf95bc2-ec33-41e0-b0cd-811426962fcf,1,e5c784a3-61cc-4cd8-9ba6-2060af9ec781,,Strept. Dysgalactiae,0,604,
505,cc6834d3-1d88-49b1-9579-ef4b3e59dc11,edf95bc2-ec33-41e0-b0cd-811426962fcf,1,e5c784a3-61cc-4cd8-9ba6-2060af9ec781,,Strept.spp (no specification),20,604,
506,11219203-c860-4855-9355-e696b0f77a37,edf95bc2-ec33-41e0-b0cd-811426962fcf,1,e5c784a3-61cc-4cd8-9ba6-2060af9ec781,,E. coli,8,604,
507,edd76f15-fe00-446d-9780-105f1be35a95,edf95bc2-ec33-41e0-b0cd-811426962fcf,1,e5c784a3-61cc-4cd8-9ba6-2060af9ec781,,Klebsiella spp.,1,604,
508,d3f65ad8-4287-4d4a-a55d-d67978c8d029,edf95bc2-ec33-41e0-b0cd-811426962fcf,1,e5c784a3-61cc-4cd8-9ba6-2060af9ec781,,Enterobacter spp,2,604,
509,7014fd75-af28-4bd1-b900-1a8424802066,edf95bc2-ec33-41e0-b0cd-811426962fcf,1,e5c784a3-61cc-4cd8-9ba6-2060af9ec781,,Pseudomonas spp.,1,604,
510,d0ebe09e-9144-4be1-a7ed-d357ca3a2696,edf95bc2-ec33-41e0-b0cd-811426962fcf,1,e5c784a3-61cc-4cd8-9ba6-2060af9ec781,,Serratia marcescens,0,604,
511,b12dc6ca-39ea-4cf8-85fc-e7a6ff368b6c,edf95bc2-ec33-41e0-b0cd-811426962fcf,1,e5c784a3-61cc-4cd8-9ba6-2060af9ec781,,Salmonella spp,0,604,
512,466f64be-ce16-4787-a05d-d42615b28b08,edf95bc2-ec33-41e0-b0cd-811426962fcf,1,e5c784a3-61cc-4cd8-9ba6-2060af9ec781,,Tatumella spp,0,604,
513,d201b3dc-b463-4478-a673-fe758b803e39,edf95bc2-ec33-41e0-b0cd-811426962fcf,1,e5c784a3-61cc-4cd8-9ba6-2060af9ec781,,Arcanobacterium pyogenes,1,604,
514,af2ab54e-1255-4774-bd5b-fcf95c38b58d,edf95bc2-ec33-41e0-b0cd-811426962fcf,1,e5c784a3-61cc-4cd8-9ba6-2060af9ec781,,Yeast,1,604,
515,e7e6c1bc-32fe-4ddb-aa47-fee212af9427,edf95bc2-ec33-41e0-b0cd-811426962fcf,1,e5c784a3-61cc-4cd8-9ba6-2060af9ec781,,Fungi (no specification),0,604,
516,10622263-e238-4870-b16c-8d2ce336d1e5,edf95bc2-ec33-41e0-b0cd-811426962fcf,1,e5c784a3-61cc-4cd8-9ba6-2060af9ec781,,Coagulase-negative staph (CNS),39,604,
517,c0894e91-75d2-445f-b590-bfd7a7445240,edf95bc2-ec33-41e0-b0cd-811426962fcf,1,e5c784a3-61cc-4cd8-9ba6-2060af9ec781,,Minor Pathogens,11,604,
518,c1598bc9-fc2c-45a0-b64a-6a7ca9258630,e06c014e-f48d-415d-bc94-44b074b17b4c,1,6444b213-638f-4d29-8010-b42bcaa5cf29,,Major Pathogens,75,605,
519,00f92970-eb94-4e35-9dfb-916d94c188f1,e06c014e-f48d-415d-bc94-44b074b17b4c,1,6444b213-638f-4d29-8010-b42bcaa5cf29,,S.aureus,16,605,
520,32397bc9-35f8-429b-96dc-afd3ceeaf950,e06c014e-f48d-415d-bc94-44b074b17b4c,1,6444b213-638f-4d29-8010-b42bcaa5cf29,,Strept. Uberis,6,605,
521,2e6ca830-07c8-46b3-8c78-c57fa6c4a449,e06c014e-f48d-415d-bc94-44b074b17b4c,1,6444b213-638f-4d29-8010-b42bcaa5cf29,,Strept. Dysgalactiae,2,605,
522,ac2b8707-9069-45c5-a2e7-c9504fd65bc0,e06c014e-f48d-415d-bc94-44b074b17b4c,1,6444b213-638f-4d29-8010-b42bcaa5cf29,,Staph. spp (no specification),24,605,
523,989a1751-a644-4b03-bbff-e9d85042bf38,e06c014e-f48d-415d-bc94-44b074b17b4c,1,6444b213-638f-4d29-8010-b42bcaa5cf29,,E. coli,12,605,
524,b8afa559-528c-454e-946e-820835b35288,e06c014e-f48d-415d-bc94-44b074b17b4c,1,6444b213-638f-4d29-8010-b42bcaa5cf29,,Klebsiella spp.,0,605,
525,3affdce5-28f3-4d99-9cc8-5941308515c0,e06c014e-f48d-415d-bc94-44b074b17b4c,1,6444b213-638f-4d29-8010-b42bcaa5cf29,,Enterobacter spp,0,605,
526,5c1d5d64-4ddd-42b0-8839-ff326153c6ac,e06c014e-f48d-415d-bc94-44b074b17b4c,1,6444b213-638f-4d29-8010-b42bcaa5cf29,,Pseudomonas spp.,1,605,
527,8d9ebe74-ae46-43c1-a1a4-d8ef254c3728,e06c014e-f48d-415d-bc94-44b074b17b4c,1,6444b213-638f-4d29-8010-b42bcaa5cf29,,Serratia marcescens,1,605,
528,09268491-8d48-49c1-a25c-df47c6d15a56,e06c014e-f48d-415d-bc94-44b074b17b4c,1,6444b213-638f-4d29-8010-b42bcaa5cf29,,Salmonella spp,0,605,
529,1790061d-506e-409f-8b05-c3e0231e453f,e06c014e-f48d-415d-bc94-44b074b17b4c,1,6444b213-638f-4d29-8010-b42bcaa5cf29,,Tatumella spp,0,605,
530,625181a9-db84-4979-82a3-43f911a5bce5,e06c014e-f48d-415d-bc94-44b074b17b4c,1,6444b213-638f-4d29-8010-b42bcaa5cf29,,Arcanobacterium pyogenes,1,605,
531,116f0cc2-5840-4d3e-8021-87b6e30f836e,e06c014e-f48d-415d-bc94-44b074b17b4c,1,6444b213-638f-4d29-8010-b42bcaa5cf29,,Yeast,0,605,
532,532de3bb-ab08-4a25-86d9-d7454bfd64f5,e06c014e-f48d-415d-bc94-44b074b17b4c,1,6444b213-638f-4d29-8010-b42bcaa5cf29,,Fungi (no specification),0,605,
533,fd1d2ca0-3b20-49cb-bee8-0f2ff8a9c309,e06c014e-f48d-415d-bc94-44b074b17b4c,1,6444b213-638f-4d29-8010-b42bcaa5cf29,,Coagulase-negative staph (CNS),48,605,
534,c9ef4243-b72f-49ac-9eed-fea96cdf1a42,e06c014e-f48d-415d-bc94-44b074b17b4c,1,6444b213-638f-4d29-8010-b42bcaa5cf29,,Minor Pathogens,12,605,
535,a3222355-e000-40cb-b045-e11337abc80d,623f5e74-5943-45ae-a7e2-eeb29d22c9e1,1,9b9c51ae-4d69-40cb-8a88-63f345550e23,,S.aureus,3,254,
536,dd363086-3736-4ef5-afb8-424f6c7f2915,623f5e74-5943-45ae-a7e2-eeb29d22c9e1,1,9b9c51ae-4d69-40cb-8a88-63f345550e23,,Strept. Agalactiae,8,254,
537,f2f032b6-a9c6-4e72-87dd-24fd11a28204,623f5e74-5943-45ae-a7e2-eeb29d22c9e1,1,9b9c51ae-4d69-40cb-8a88-63f345550e23,,Strept. Bovis,3,254,
538,97ed3c3b-8d43-4f6a-9154-8fc1c8da0d97,623f5e74-5943-45ae-a7e2-eeb29d22c9e1,1,9b9c51ae-4d69-40cb-8a88-63f345550e23,,Strept. Uberis,1,254,
539,9aeaec91-9934-494f-9808-759613489962,623f5e74-5943-45ae-a7e2-eeb29d22c9e1,1,9b9c51ae-4d69-40cb-8a88-63f345550e23,,E. coli,8,254,
540,3ecb6f35-0c47-493a-a508-9336b481a786,623f5e74-5943-45ae-a7e2-eeb29d22c9e1,1,9b9c51ae-4d69-40cb-8a88-63f345550e23,,Klebsiella spp.,6,254,
541,1820ef5c-04cd-4a78-90d5-4fa024117c8b,623f5e74-5943-45ae-a7e2-eeb29d22c9e1,1,9b9c51ae-4d69-40cb-8a88-63f345550e23,,Pseudomonas spp.,1,254,
542,799b234b-6f83-4011-bf98-e1edc2eb9da2,623f5e74-5943-45ae-a7e2-eeb29d22c9e1,1,9b9c51ae-4d69-40cb-8a88-63f345550e23,,Serratia marcescens,1,254,
543,23d7c554-7b0e-46d7-b4a6-646f1ca44c5d,623f5e74-5943-45ae-a7e2-eeb29d22c9e1,1,9b9c51ae-4d69-40cb-8a88-63f345550e23,,Enterobacter spp,0,254,
544,03b49045-886b-4ada-b6ea-9704047baee9,623f5e74-5943-45ae-a7e2-eeb29d22c9e1,1,9b9c51ae-4d69-40cb-8a88-63f345550e23,,Bacillus spp.,1,254,
545,440fdd83-5334-4fed-a506-5b862cf42b8a,623f5e74-5943-45ae-a7e2-eeb29d22c9e1,1,9b9c51ae-4d69-40cb-8a88-63f345550e23,,Corynebacterium spp. (C.bovis),6,254,
551,b001a8b9-abee-4605-925f-e8498cc93fb6,623f5e74-5943-45ae-a7e2-eeb29d22c9e1,1,9b9c51ae-4d69-40cb-8a88-63f345550e23,,S. intermedius,3,254,
552,730c5402-928c-42c7-aa42-6b92bc99a1a0,623f5e74-5943-45ae-a7e2-eeb29d22c9e1,1,9b9c51ae-4d69-40cb-8a88-63f345550e23,,S epidermidis,12,254,
553,fcac0445-c370-4b63-9439-c37888ba25c2,623f5e74-5943-45ae-a7e2-eeb29d22c9e1,1,9b9c51ae-4d69-40cb-8a88-63f345550e23,,S. saprophyticus,0,254,
554,18b82b2b-feac-4fa1-a5ef-8aa31d69254e,623f5e74-5943-45ae-a7e2-eeb29d22c9e1,1,9b9c51ae-4d69-40cb-8a88-63f345550e23,,Minor Pathogens,21,254,
555,428e23f1-58b8-4a13-98af-f6b65393fb30,623f5e74-5943-45ae-a7e2-eeb29d22c9e1,1,9b9c51ae-4d69-40cb-8a88-63f345550e23,,Non-pathogen specific,53,254,
556,e3a393cf-3633-41d2-b771-984f5b3eebf5,3d9a11b1-fece-45a7-a859-e21d93624c36,1,c1146645-cff5-4dce-9a7a-9e711ac62e68,,S.aureus,2,271,
557,5ce45bd9-1c36-4298-a7c3-c70baf93c755,3d9a11b1-fece-45a7-a859-e21d93624c36,1,c1146645-cff5-4dce-9a7a-9e711ac62e68,,Strept. Agalactiae,7,271,
558,d09627cd-d591-414b-9973-6defb2550b42,3d9a11b1-fece-45a7-a859-e21d93624c36,1,c1146645-cff5-4dce-9a7a-9e711ac62e68,,Strept. Bovis,1,271,
559,e314f2f9-c2a1-41e0-8d25-80acec1711d8,3d9a11b1-fece-45a7-a859-e21d93624c36,1,c1146645-cff5-4dce-9a7a-9e711ac62e68,,Strept. Uberis,0,271,
560,5289be5a-7d38-4310-b860-1a6d4de5469f,3d9a11b1-fece-45a7-a859-e21d93624c36,1,c1146645-cff5-4dce-9a7a-9e711ac62e68,,E. coli,1,271,
561,d2d5f970-3b00-4bfa-8cd8-8596e788836e,3d9a11b1-fece-45a7-a859-e21d93624c36,1,c1146645-cff5-4dce-9a7a-9e711ac62e68,,Klebsiella spp.,5,271,
562,f80aba1f-d860-42f8-ac9d-872938d63ec8,3d9a11b1-fece-45a7-a859-e21d93624c36,1,c1146645-cff5-4dce-9a7a-9e711ac62e68,,Pseudomonas spp.,0,271,
563,8feb8ed3-c80d-4081-a012-f1a552396ac9,3d9a11b1-fece-45a7-a859-e21d93624c36,1,c1146645-cff5-4dce-9a7a-9e711ac62e68,,Serratia marcescens,0,271,
564,95ef0127-02f3-43b1-bd87-b89df98334dc,3d9a11b1-fece-45a7-a859-e21d93624c36,1,c1146645-cff5-4dce-9a7a-9e711ac62e68,,Enterobacter spp,1,271,
565,a0437e77-9705-498f-8827-333a2d5a5565,3d9a11b1-fece-45a7-a859-e21d93624c36,1,c1146645-cff5-4dce-9a7a-9e711ac62e68,,Bacillus spp.,1,271,
566,54654760-cf90-4897-8209-ee42e1297622,3d9a11b1-fece-45a7-a859-e21d93624c36,1,c1146645-cff5-4dce-9a7a-9e711ac62e68,,Corynebacterium spp. (C.bovis),2,271,
567,461bb9dd-589a-4374-8313-48f590f6b9e1,3d9a11b1-fece-45a7-a859-e21d93624c36,1,c1146645-cff5-4dce-9a7a-9e711ac62e68,,S. intermedius,3,271,
568,72a1beff-2231-42d0-8820-4d9bfb82d748,3d9a11b1-fece-45a7-a859-e21d93624c36,1,c1146645-cff5-4dce-9a7a-9e711ac62e68,,S epidermidis,6,271,
569,789b8037-1854-4f1f-b718-fdef0e7adaf8,3d9a11b1-fece-45a7-a859-e21d93624c36,1,c1146645-cff5-4dce-9a7a-9e711ac62e68,,S. saprophyticus,0,271,
570,a502ffc3-9da0-4b09-a20f-7275cd52e514,3d9a11b1-fece-45a7-a859-e21d93624c36,1,c1146645-cff5-4dce-9a7a-9e711ac62e68,,Minor Pathogens,11,271,
571,6e0a999c-571c-4738-a2bc-86cad6733c9f,3d9a11b1-fece-45a7-a859-e21d93624c36,1,c1146645-cff5-4dce-9a7a-9e711ac62e68,,Non-pathogen specific,29,271,
572,13cf1525-b77b-4a58-a921-d970c17a5369,83e766fd-c11f-446e-8d7b-f684a42fe319,1,79455e80-0435-40ae-8560-165cdd660b83,,S.aureus,7,240,
573,e6a16f33-fee5-4cc9-a608-fa343d390a51,83e766fd-c11f-446e-8d7b-f684a42fe319,1,79455e80-0435-40ae-8560-165cdd660b83,,Strept. Agalactiae,1,240,
574,413f4127-cbf6-4b29-bfa4-b2735bac456f,83e766fd-c11f-446e-8d7b-f684a42fe319,1,79455e80-0435-40ae-8560-165cdd660b83,,Strept. Dysgalactiae,3,240,
575,dbde1337-cf59-4217-a0c7-fcae5386b7d0,83e766fd-c11f-446e-8d7b-f684a42fe319,1,79455e80-0435-40ae-8560-165cdd660b83,,Strept. Uberis,4,240,
576,0d301562-1d5e-48d9-a52e-fdef13d9390a,83e766fd-c11f-446e-8d7b-f684a42fe319,1,79455e80-0435-40ae-8560-165cdd660b83,,E. coli,23,240,
577,3447e987-a9ba-4ec1-a04a-20daae992407,83e766fd-c11f-446e-8d7b-f684a42fe319,1,79455e80-0435-40ae-8560-165cdd660b83,,Corynebacterium spp. (C.bovis),8,240,
578,9ffcbb8a-2bef-4c12-b1fb-0558e0eb1f21,83e766fd-c11f-446e-8d7b-f684a42fe319,1,79455e80-0435-40ae-8560-165cdd660b83,,Coagulase-negative staph (CNS),7,240,
579,d967299d-9ee5-469f-8ce5-8829bcd2f75a,83e766fd-c11f-446e-8d7b-f684a42fe319,1,79455e80-0435-40ae-8560-165cdd660b83,,Gram-Ve,3,240,
580,dd8fd3c4-26a7-40b8-bb6f-61bc43258a2a,2e78a749-352e-458b-872b-0742aab492e2,1,b8446453-caae-4ff3-a20c-0aa3e345d59d,,S.aureus,5,240,
581,2f5887a7-3f99-4bb6-9bcc-c9aa732c6cf3,2e78a749-352e-458b-872b-0742aab492e2,1,b8446453-caae-4ff3-a20c-0aa3e345d59d,,Strept. Agalactiae,0,240,
582,3edcc075-a1cf-46f7-8a9b-b4bd555a1d20,2e78a749-352e-458b-872b-0742aab492e2,1,b8446453-caae-4ff3-a20c-0aa3e345d59d,,Strept. Dysgalactiae,2,240,
583,b5b04631-cb0a-4601-9fe8-efe0b44f6eec,2e78a749-352e-458b-872b-0742aab492e2,1,b8446453-caae-4ff3-a20c-0aa3e345d59d,,Strept. Uberis,6,240,
584,cee2a9db-2cc5-40a2-8978-baabf5c20d1b,2e78a749-352e-458b-872b-0742aab492e2,1,b8446453-caae-4ff3-a20c-0aa3e345d59d,,E. coli,10,240,
585,7ca806c3-2ef1-4586-b9e3-3154877bf21c,2e78a749-352e-458b-872b-0742aab492e2,1,b8446453-caae-4ff3-a20c-0aa3e345d59d,,Corynebacterium spp. (C.bovis),13,240,
586,fcf95efb-e26e-427a-9a6e-192bad769d06,2e78a749-352e-458b-872b-0742aab492e2,1,b8446453-caae-4ff3-a20c-0aa3e345d59d,,Coagulase-negative staph (CNS),11,240,
587,3a32c37b-b92f-4c18-a0bf-46ea5bb8fcd7,2e78a749-352e-458b-872b-0742aab492e2,1,b8446453-caae-4ff3-a20c-0aa3e345d59d,,Gram-Ve,2,240,
588,570688ca-befe-4040-9825-e62dd4d7cb42,9494caa6-7884-4f72-b0ad-18ab387a929b,0,1f98f7a5-edf7-4267-9aab-87c700a975b9,,S.aureus,13,,
589,b8eedcae-121b-41bc-a76b-47482eae2494,9494caa6-7884-4f72-b0ad-18ab387a929b,0,1f98f7a5-edf7-4267-9aab-87c700a975b9,,Strept. Agalactiae,3,,
590,900a5ae6-41c8-4e4e-a77e-601d1ad0b771,9494caa6-7884-4f72-b0ad-18ab387a929b,0,1f98f7a5-edf7-4267-9aab-87c700a975b9,,Strept. Dysgalactiae,5,,
591,a64d3e11-2e6b-45d8-a4e7-d3affb7990b2,9494caa6-7884-4f72-b0ad-18ab387a929b,0,1f98f7a5-edf7-4267-9aab-87c700a975b9,,Strept. Uberis,9,,
592,576b22cc-7d5f-4421-95fd-f562a18c0be3,9494caa6-7884-4f72-b0ad-18ab387a929b,0,1f98f7a5-edf7-4267-9aab-87c700a975b9,,E. coli,14,,
593,528c00ca-d025-4d30-968a-1cfc8cc52807,9494caa6-7884-4f72-b0ad-18ab387a929b,0,1f98f7a5-edf7-4267-9aab-87c700a975b9,,Corynebacterium spp. (C.bovis),18,,
594,73821d34-4efd-4ff4-a57e-04128bd58302,9494caa6-7884-4f72-b0ad-18ab387a929b,0,1f98f7a5-edf7-4267-9aab-87c700a975b9,,Coagulase-negative staph (CNS),14,,
595,7f719a21-450b-4873-b704-ed352485dc7d,9494caa6-7884-4f72-b0ad-18ab387a929b,0,1f98f7a5-edf7-4267-9aab-87c700a975b9,,Gram-Ve,7,,
596,4d5f1376-dceb-4516-9124-251d4d60ef32,737f6e2e-f571-46ce-8ce5-b6eb058847a2,0,385e85e0-5144-4d43-9df8-b0a9f90f41e1,,S.aureus,27,240,
597,dc70a622-828c-4385-a632-6e5cf1e7b015,737f6e2e-f571-46ce-8ce5-b6eb058847a2,0,385e85e0-5144-4d43-9df8-b0a9f90f41e1,,Strept. Agalactiae,6,240,
598,4e885604-3bbf-4aae-83fc-8c47979f3fff,737f6e2e-f571-46ce-8ce5-b6eb058847a2,0,385e85e0-5144-4d43-9df8-b0a9f90f41e1,,Strept. Dysgalactiae,9,240,
599,4cb3f7a0-de05-47de-9e42-7dc06884af0a,737f6e2e-f571-46ce-8ce5-b6eb058847a2,0,385e85e0-5144-4d43-9df8-b0a9f90f41e1,,Strept. Uberis,12,240,
600,dc93702b-c19f-443b-83d0-7d5fee6a4fcf,737f6e2e-f571-46ce-8ce5-b6eb058847a2,0,385e85e0-5144-4d43-9df8-b0a9f90f41e1,,E. coli,12,240,
601,9c9cf821-5bbc-4708-b769-935f8ef9414c,737f6e2e-f571-46ce-8ce5-b6eb058847a2,0,385e85e0-5144-4d43-9df8-b0a9f90f41e1,,Corynebacterium spp. (C.bovis),21,240,
602,90fe6f56-9f97-4f36-9977-faa8da2067ac,737f6e2e-f571-46ce-8ce5-b6eb058847a2,0,385e85e0-5144-4d43-9df8-b0a9f90f41e1,,Coagulase-negative staph (CNS),23,240,
603,8c5b2059-6003-4d37-9303-23649f7e6802,737f6e2e-f571-46ce-8ce5-b6eb058847a2,0,385e85e0-5144-4d43-9df8-b0a9f90f41e1,,Gram-Ve,11,240,
604,b56b2866-0ca2-4691-be7f-ed971ca8c8cf,6ca001b6-589f-430e-9750-77458bc901bb,1,e014712d-b2fc-49f5-8184-0018849f7c8f,,Strept.spp (no specification),5,259,
605,db89cafa-d7aa-4543-a339-89fd83503a44,6ca001b6-589f-430e-9750-77458bc901bb,1,e014712d-b2fc-49f5-8184-0018849f7c8f,,S.aureus,0,259,
606,0d1a1dc3-032a-4434-9353-3fe8004652d7,6ca001b6-589f-430e-9750-77458bc901bb,1,e014712d-b2fc-49f5-8184-0018849f7c8f,,E.coli/coliforms,3,259,
607,905eeaf2-043f-4d0d-b947-05a598896abe,6ca001b6-589f-430e-9750-77458bc901bb,1,e014712d-b2fc-49f5-8184-0018849f7c8f,,Non-pathogen specific,7,259,
608,b090474a-700c-49df-b0b2-527148f0877a,6ca001b6-589f-430e-9750-77458bc901bb,1,e014712d-b2fc-49f5-8184-0018849f7c8f,,Corynebacterium spp. (C.bovis),14,259,
609,303bcfe3-5583-4380-85d8-e3a3f952c7d4,6ca001b6-589f-430e-9750-77458bc901bb,1,e014712d-b2fc-49f5-8184-0018849f7c8f,,Coagulase-negative staph (CNS),25,259,
610,1dbc5c13-90f3-4425-8762-161a75e84b2f,7086b18a-9f94-4c24-854a-20d29dd72a2d,1,4826ca70-f50b-498c-9892-3228a525c05c,,Corynebacterium spp. (C.bovis),24,259,
611,768ddd11-d954-4b6a-8ff9-f0aba05897e8,7086b18a-9f94-4c24-854a-20d29dd72a2d,1,4826ca70-f50b-498c-9892-3228a525c05c,,Coagulase-negative staph (CNS),34,259,
612,0dcb5ad5-c1df-4388-a192-2599deed0771,7086b18a-9f94-4c24-854a-20d29dd72a2d,1,4826ca70-f50b-498c-9892-3228a525c05c,,Strept.spp (no specification),3,259,
613,9200e2dc-fda9-4c49-964c-a43e89abb6c4,7086b18a-9f94-4c24-854a-20d29dd72a2d,1,4826ca70-f50b-498c-9892-3228a525c05c,,S.aureus,4,259,
614,05128ede-19da-4b80-ae27-e33f6d75ae12,7086b18a-9f94-4c24-854a-20d29dd72a2d,1,4826ca70-f50b-498c-9892-3228a525c05c,,E.coli/coliforms,7,259,
615,17635192-411a-4d04-bbd4-1b30bd18f5e9,7086b18a-9f94-4c24-854a-20d29dd72a2d,1,4826ca70-f50b-498c-9892-3228a525c05c,,Non-pathogen specific,8,259,
616,8b98c52a-e9fe-45e3-9406-fd3f24e4fa57,7355a508-bc04-4d1b-a5a2-526d531ff4a9,1,885d8f83-6e7f-4aab-b62b-eed038fbc4b4,,Staph. spp (no specification),5,90,
617,a7703048-0d00-4316-83e0-395813bac4b9,7355a508-bc04-4d1b-a5a2-526d531ff4a9,1,885d8f83-6e7f-4aab-b62b-eed038fbc4b4,,S.aureus,4,90,
618,4673cc2e-e8e1-439b-9b9f-fe88f2a34f9b,7355a508-bc04-4d1b-a5a2-526d531ff4a9,1,885d8f83-6e7f-4aab-b62b-eed038fbc4b4,,Strept.spp (no specification),2,90,
622,82bcb6d4-550c-405f-a489-2ea5d6de09c6,2bf2e656-2b79-47bf-b273-c241b6acef0a,1,6a9c76b5-b2cb-4e21-82c0-d27f06e179d6,,Staph. spp (no specification),5,89,
623,037ec97b-e815-44dc-a5d4-1b57fc5c2bdb,2bf2e656-2b79-47bf-b273-c241b6acef0a,1,6a9c76b5-b2cb-4e21-82c0-d27f06e179d6,,S.aureus,2,89,
624,d0fbac30-46c7-4462-8bf2-0a9874820fb8,2bf2e656-2b79-47bf-b273-c241b6acef0a,1,6a9c76b5-b2cb-4e21-82c0-d27f06e179d6,,Strept.spp (no specification),1,89,
625,913a390c-4b77-482c-97c8-12e00b65aea2,a16c5152-24ec-4e51-b167-82433bff5daf,1,e6c7cbea-3c40-41ba-bdc3-67e882082851,,S.aureus,5,150,
626,082ba2e3-4055-44ee-b4e9-b3c8e1f4185b,a16c5152-24ec-4e51-b167-82433bff5daf,1,e6c7cbea-3c40-41ba-bdc3-67e882082851,,Coagulase-negative staph (CNS),5,150,
627,f60b8022-10c1-4add-9395-b7b012a60bdc,a16c5152-24ec-4e51-b167-82433bff5daf,1,e6c7cbea-3c40-41ba-bdc3-67e882082851,,Corynebacterium spp. (C.bovis),45,150,
628,d64995c2-9c94-446c-a3af-32af8ba2d3ca,a16c5152-24ec-4e51-b167-82433bff5daf,1,e6c7cbea-3c40-41ba-bdc3-67e882082851,,Strept. Agalactiae,15,150,
629,774eb1cc-dd8c-4279-a39d-39e2ca37bbbd,dc4d108a-6239-4c5f-a2aa-d927447b05df,1,33e76199-adad-4544-a3e0-abd78d1cb3a7,,S.aureus,5,150,
630,c09a8644-573f-4a76-85d2-da324b7c573b,dc4d108a-6239-4c5f-a2aa-d927447b05df,1,33e76199-adad-4544-a3e0-abd78d1cb3a7,,Coagulase-negative staph (CNS),0,150,
631,df18eef2-b85e-4549-a8e7-75fdcc749610,dc4d108a-6239-4c5f-a2aa-d927447b05df,1,33e76199-adad-4544-a3e0-abd78d1cb3a7,,Corynebacterium spp. (C.bovis),30,150,
632,6b72a59c-b5dd-45cc-bb38-3a05926a2d79,dc4d108a-6239-4c5f-a2aa-d927447b05df,1,33e76199-adad-4544-a3e0-abd78d1cb3a7,,Strept. Agalactiae,0,150,
633,afae52d1-016d-4110-a136-3e034509d3bc,eddb89e6-d967-4ab0-b357-417d001b2c1d,1,f6a6b047-3471-4cab-8540-e36b42da8cf9,,Non-pathogen specific,1,22,
634,d84c821d-99c9-4be3-9c6d-6442fdbe077a,44856452-67c6-42d9-a8f7-d2d72d19d64a,1,b61bb875-18fc-4aea-9a8e-688cec71c274,,Non-pathogen specific,7,22,
639,379fa83b-5cc9-4d11-a28a-d7229224352f,de38bd9f-3fe9-4875-9363-0e8f52451dcb,1,6d898187-7c3d-493a-97d5-af0d77e0ef6a,,S.aureus,8,32,
640,d543641b-aef6-444f-8376-909a8e6b25fb,1f50ae89-b4e6-49aa-8052-5fc4ae5c1360,1,6125b104-9bde-4000-9ba3-cb56fc1d9096,,S.aureus,11,11,
641,39cae950-9e20-40aa-8ddf-31140dd2c74c,58ec923f-6274-4ec5-9f70-6dc0b1fb0e26,1,59a99983-e693-4955-9177-e155b1b29e6c,,S.aureus,18,32,
642,0fd8b430-d954-47d2-8be0-6294aa4ee8ea,163843fc-9bfa-493b-85a6-257ef7ae3d3f,1,57e5c8f8-e08b-4754-969c-3195d6b911ec,,S.aureus,36,167,
643,74a2bece-0a11-4b35-ab29-eff01068d39f,22edbfd3-7031-4e60-b5eb-ae636071193d,1,cdfe52f2-95c6-47b3-8b91-77f6c39b2b2f,,S.aureus,12,70,
644,db0e9236-d11f-40cd-a518-6ecb8e248d6b,aaf39572-1c1d-4e77-ac19-0781a465f2c0,1,7b9b5cc0-f5c4-4635-9ae8-579e4e8d5c42,,S.aureus,48,84,
645,1948d3e2-5eb4-428b-b182-36a803e83355,26cf0ce5-5f59-41b7-aaf5-632da6c0ef62,1,554907be-fab7-4711-bbf8-313b5015b20b,,S.aureus,37,92,
656,0c1b222d-52d5-4725-a3af-dd45fa458a4f,cb335552-f2fe-43ae-ba5b-9976df76ba58,1,14d32acd-8039-42eb-ba18-698f2be723de,,S.aureus,101,368,
657,93345998-dbd9-41ef-94e1-46cc2abaf112,cb335552-f2fe-43ae-ba5b-9976df76ba58,1,14d32acd-8039-42eb-ba18-698f2be723de,,Strept. Dysgalactiae,18,368,
658,6bae77ef-bd01-4279-842a-57859361181a,cb335552-f2fe-43ae-ba5b-9976df76ba58,1,14d32acd-8039-42eb-ba18-698f2be723de,,Major Pathogens,2,368,
659,98c3a4dd-5dfe-4617-a7e9-2c5840c8cd1d,cb335552-f2fe-43ae-ba5b-9976df76ba58,1,14d32acd-8039-42eb-ba18-698f2be723de,,Coagulase-negative staph (CNS),5,368,
660,dba01526-b906-4a02-8618-a2f76ac36575,cb335552-f2fe-43ae-ba5b-9976df76ba58,1,14d32acd-8039-42eb-ba18-698f2be723de,,Minor Pathogens,8,368,
661,a4067ce6-0721-4095-a5eb-f21dc70a1f41,ef30960b-6896-4c9a-86c1-0dbeefc19a74,1,695aef4a-359f-44bb-96f1-b96bba973630,,S.aureus,68,356,
662,06a0ba84-6ff2-43a7-a0f4-907f0dcc3f42,ef30960b-6896-4c9a-86c1-0dbeefc19a74,1,695aef4a-359f-44bb-96f1-b96bba973630,,Strept. Dysgalactiae,16,356,
663,bc6df42d-3b7b-45d7-a164-59865e1e1f20,ef30960b-6896-4c9a-86c1-0dbeefc19a74,1,695aef4a-359f-44bb-96f1-b96bba973630,,Major Pathogens,0,356,
664,d9921e7c-61a3-4528-b114-a2507c333ae1,ef30960b-6896-4c9a-86c1-0dbeefc19a74,1,695aef4a-359f-44bb-96f1-b96bba973630,,Coagulase-negative staph (CNS),20,356,
665,299ae2f2-c9b2-4058-b4d3-d62e653dd935,ef30960b-6896-4c9a-86c1-0dbeefc19a74,1,695aef4a-359f-44bb-96f1-b96bba973630,,Minor Pathogens,6,356,
666,a4273a9f-00e7-4dc0-9a82-43df78211069,ad05eaaa-05af-478a-ba04-c020d97d27bd,1,918b8e3f-6350-4617-b098-af4efbf55b34,,S.aureus,106,420,
667,ec6006cc-d095-497c-a9f8-3232fa80a7f7,ad05eaaa-05af-478a-ba04-c020d97d27bd,1,918b8e3f-6350-4617-b098-af4efbf55b34,,Strept. Dysgalactiae,30,420,
668,96d543db-2221-4485-ad66-5d71892b83de,ad05eaaa-05af-478a-ba04-c020d97d27bd,1,918b8e3f-6350-4617-b098-af4efbf55b34,,Major Pathogens,0,420,
669,20d3ab82-db65-485c-9adc-c11701058b14,ad05eaaa-05af-478a-ba04-c020d97d27bd,1,918b8e3f-6350-4617-b098-af4efbf55b34,,Coagulase-negative staph (CNS),8,420,
670,b601688e-4dda-4680-b9ec-a54d0f8f6841,ad05eaaa-05af-478a-ba04-c020d97d27bd,1,918b8e3f-6350-4617-b098-af4efbf55b34,,Minor Pathogens,5,420,
671,686d8a12-389d-4a32-bcd6-03a2ec7f86c1,6e9893db-505a-4a52-8f7c-4341055c60c7,1,a6e89a07-2f5f-4f2c-916a-24827e1b73a9,,S.aureus,73,376,
672,f8b96f6b-ef16-4e8e-89bc-88bfa80213cf,6e9893db-505a-4a52-8f7c-4341055c60c7,1,a6e89a07-2f5f-4f2c-916a-24827e1b73a9,,Strept. Dysgalactiae,17,376,
673,9f5991b0-3c24-4d24-999e-58ec3a362202,6e9893db-505a-4a52-8f7c-4341055c60c7,1,a6e89a07-2f5f-4f2c-916a-24827e1b73a9,,Major Pathogens,0,376,
674,dea7a375-6388-4e74-bc79-389679e007fa,6e9893db-505a-4a52-8f7c-4341055c60c7,1,a6e89a07-2f5f-4f2c-916a-24827e1b73a9,,Coagulase-negative staph (CNS),18,376,
675,1b9448d4-4299-44e4-a537-efc4715b953c,6e9893db-505a-4a52-8f7c-4341055c60c7,1,a6e89a07-2f5f-4f2c-916a-24827e1b73a9,,Minor Pathogens,19,376,
676,bc564f27-39f1-4ba9-9843-edb5145438a9,6ac1d340-224d-4ff0-a546-8a4e03b62a47,1,1035563d-e9a5-4f6e-a9b1-6bf35c2b03cf,,S.aureus,124,776,
677,bf968835-ba62-47c9-8c6c-bbf4c65064a9,6ac1d340-224d-4ff0-a546-8a4e03b62a47,1,1035563d-e9a5-4f6e-a9b1-6bf35c2b03cf,,Strept. Dysgalactiae,13,776,
678,4005c0b0-ffdc-41d9-95fd-113c907c364e,6ac1d340-224d-4ff0-a546-8a4e03b62a47,1,1035563d-e9a5-4f6e-a9b1-6bf35c2b03cf,,Major Pathogens,2,776,
679,0df2c6db-9087-4f4a-9b65-753dec8ec8db,6ac1d340-224d-4ff0-a546-8a4e03b62a47,1,1035563d-e9a5-4f6e-a9b1-6bf35c2b03cf,,Coagulase-negative staph (CNS),13,776,
680,40baecaa-b2bc-463c-a585-3cf5672468e3,6ac1d340-224d-4ff0-a546-8a4e03b62a47,1,1035563d-e9a5-4f6e-a9b1-6bf35c2b03cf,,Minor Pathogens,7,776,
691,d88171ff-64f1-4776-9538-eb16d23118fb,4190ae11-cc75-4e19-bca4-31548ac84bfb,1,75cbbac2-4a74-49d8-aa31-8355491dbe82,,S.aureus,110,748,
692,fd832995-81ea-4d3f-aacb-4374e6d1da55,4190ae11-cc75-4e19-bca4-31548ac84bfb,1,75cbbac2-4a74-49d8-aa31-8355491dbe82,,Strept. Dysgalactiae,12,748,
693,17948d48-0c79-4926-a3a3-f1135d8698a4,4190ae11-cc75-4e19-bca4-31548ac84bfb,1,75cbbac2-4a74-49d8-aa31-8355491dbe82,,Major Pathogens,1,748,
694,c11c7ab7-e476-4d24-82b9-d26cd1b27526,4190ae11-cc75-4e19-bca4-31548ac84bfb,1,75cbbac2-4a74-49d8-aa31-8355491dbe82,,Coagulase-negative staph (CNS),31,748,
695,ce22d680-4786-4f51-9c1c-baa9a0ed57fe,4190ae11-cc75-4e19-bca4-31548ac84bfb,1,75cbbac2-4a74-49d8-aa31-8355491dbe82,,Minor Pathogens,14,748,
696,2b18bea0-11d3-470c-978a-e4f3d68c8fe8,0bbf45b0-e4d8-4b9b-9ad7-76f4838bff9a,1,9b8a8311-2164-4bd3-b68a-beb5ff70a6a6,,S.aureus,133,836,
697,9a3284dc-bfc5-4724-a47b-476188e55e4a,0bbf45b0-e4d8-4b9b-9ad7-76f4838bff9a,1,9b8a8311-2164-4bd3-b68a-beb5ff70a6a6,,Strept. Dysgalactiae,10,836,
698,6fd459d2-7a55-4922-a2f8-d6c1ea1c9bee,0bbf45b0-e4d8-4b9b-9ad7-76f4838bff9a,1,9b8a8311-2164-4bd3-b68a-beb5ff70a6a6,,Major Pathogens,1,836,
699,d1963861-beb7-4327-aef4-3a08707d6a26,0bbf45b0-e4d8-4b9b-9ad7-76f4838bff9a,1,9b8a8311-2164-4bd3-b68a-beb5ff70a6a6,,Coagulase-negative staph (CNS),12,836,
700,cb1fa495-661f-4f34-a9eb-1a447a86ce9e,0bbf45b0-e4d8-4b9b-9ad7-76f4838bff9a,1,9b8a8311-2164-4bd3-b68a-beb5ff70a6a6,,Minor Pathogens,21,836,
701,85161fed-a834-430a-a15c-b8a8118230dc,46fb4066-3872-42d6-931e-6a3da47fe013,1,5e73b9b3-3c55-4543-a34b-8a4a411ba64f,,S.aureus,103,808,
702,45daebda-da57-459c-9aac-4ce7daa14570,46fb4066-3872-42d6-931e-6a3da47fe013,1,5e73b9b3-3c55-4543-a34b-8a4a411ba64f,,Strept. Dysgalactiae,9,808,
703,8066e691-3728-4ded-9844-ca25fbe08285,46fb4066-3872-42d6-931e-6a3da47fe013,1,5e73b9b3-3c55-4543-a34b-8a4a411ba64f,,Major Pathogens,1,808,
704,240d9929-9780-4726-9815-83644de3f621,46fb4066-3872-42d6-931e-6a3da47fe013,1,5e73b9b3-3c55-4543-a34b-8a4a411ba64f,,Coagulase-negative staph (CNS),41,808,
705,5dc4bb6a-2047-4f4c-b000-9e78beb681b0,46fb4066-3872-42d6-931e-6a3da47fe013,1,5e73b9b3-3c55-4543-a34b-8a4a411ba64f,,Minor Pathogens,10,808,
706,1038a61a-7ac1-4b02-89d1-edc059d687f3,b5fb74df-974a-4077-a934-a3aaf95b5fc3,0,cb54f435-bd87-432e-9bed-c7b2861286ae,,Coagulase-negative staph (CNS),,,
707,0ca19ba6-cbb1-429d-bed0-4f33610b03b2,f437ce05-d15b-43e1-afd9-3475134c345c,0,71278635-f6ec-499f-99f0-9befdf9d486c,,S.aureus,,,Strept+mcsmdnc
